CellCenters:0,CellCenters:1,CellCenters:2
0.05,0.5,242.46
0.05,0.5,242.41
0.05,0.5,242.36
0.05,0.5,242.31
0.05,0.5,242.26
0.05,0.5,242.21
0.05,0.5,242.16
0.05,0.5,242.11
0.05,0.5,242.06
0.05,0.5,242.01
0.05,0.5,241.96
0.05,0.5,241.91
0.05,0.5,241.86
0.05,0.5,241.81
0.05,0.5,241.76
0.05,0.5,241.71
0.05,0.5,241.66
0.05,0.5,241.61
0.05,0.5,241.56
0.05,0.5,241.51
0.05,0.5,241.46
0.05,0.5,241.41
0.05,0.5,241.36
0.05,0.5,241.31
0.05,0.5,241.26
0.05,0.5,241.21
0.05,0.5,241.16
0.05,0.5,241.11
0.05,0.5,241.06
0.05,0.5,241.01
0.05,0.5,240.96
0.05,0.5,240.91
0.05,0.5,240.86
0.05,0.5,240.81
0.05,0.5,240.76
0.05,0.5,240.71
0.05,0.5,240.66
0.05,0.5,240.61
0.05,0.5,240.56
0.05,0.5,240.51
0.05,0.5,240.33
0.05,0.5,239.78
0.05,0.5,238.73
0.05,0.5,237.18
0.05,0.5,235.13
0.05,0.5,232.58
0.05,0.5,229.53
0.05,0.5,225.98
0.15,0.5,242.44
0.15,0.5,242.39
0.15,0.5,242.34
0.15,0.5,242.29
0.15,0.5,242.24
0.15,0.5,242.19
0.15,0.5,242.14
0.15,0.5,242.09
0.15,0.5,242.04
0.15,0.5,241.99
0.15,0.5,241.94
0.15,0.5,241.89
0.15,0.5,241.84
0.15,0.5,241.79
0.15,0.5,241.74
0.15,0.5,241.69
0.15,0.5,241.64
0.15,0.5,241.59
0.15,0.5,241.54
0.15,0.5,241.49
0.15,0.5,241.44
0.15,0.5,241.39
0.15,0.5,241.34
0.15,0.5,241.29
0.15,0.5,241.24
0.15,0.5,241.19
0.15,0.5,241.14
0.15,0.5,241.09
0.15,0.5,241.04
0.15,0.5,240.99
0.15,0.5,240.94
0.15,0.5,240.89
0.15,0.5,240.84
0.15,0.5,240.79
0.15,0.5,240.74
0.15,0.5,240.69
0.25,0.5,242.42
0.25,0.5,242.37
0.25,0.5,242.32
0.25,0.5,242.27
0.25,0.5,242.22
0.25,0.5,242.17
0.25,0.5,242.12
0.25,0.5,242.07
0.25,0.5,242.02
0.25,0.5,241.97
0.25,0.5,241.92
0.25,0.5,241.87
0.25,0.5,241.82
0.25,0.5,241.77
0.25,0.5,241.72
0.25,0.5,241.67
0.25,0.5,241.62
0.25,0.5,241.57
0.25,0.5,241.52
0.25,0.5,241.47
0.25,0.5,241.42
0.25,0.5,241.37
0.25,0.5,241.32
0.25,0.5,241.27
0.25,0.5,241.22
0.25,0.5,241.17
0.25,0.5,241.12
0.25,0.5,241.07
0.25,0.5,241.02
0.25,0.5,240.97
0.25,0.5,240.92
0.25,0.5,240.87
0.25,0.5,240.82
0.25,0.5,240.77
0.25,0.5,240.72
0.25,0.5,240.67
0.15,0.5,240.64
0.15,0.5,240.59
0.15,0.5,240.54
0.15,0.5,240.49
0.15,0.5,240.31
0.15,0.5,239.76
0.15,0.5,238.71
0.15,0.5,237.16
0.15,0.5,235.11
0.15,0.5,232.56
0.15,0.5,229.51
0.15,0.5,225.96
0.25,0.5,240.62
0.25,0.5,240.57
0.25,0.5,240.52
0.25,0.5,240.47
0.25,0.5,240.29
0.25,0.5,239.74
0.25,0.5,238.69
0.25,0.5,237.14
0.25,0.5,235.09
0.25,0.5,232.54
0.25,0.5,229.49
0.25,0.5,225.94
0.35,0.5,242.4
0.35,0.5,242.35
0.35,0.5,242.3
0.35,0.5,242.25
0.35,0.5,242.2
0.35,0.5,242.15
0.35,0.5,242.1
0.35,0.5,242.05
0.35,0.5,242
0.35,0.5,241.95
0.35,0.5,241.9
0.35,0.5,241.85
0.35,0.5,241.8
0.35,0.5,241.75
0.35,0.5,241.7
0.35,0.5,241.65
0.35,0.5,241.6
0.35,0.5,241.55
0.35,0.5,241.5
0.35,0.5,241.45
0.35,0.5,241.4
0.35,0.5,241.35
0.35,0.5,241.3
0.35,0.5,241.25
0.35,0.5,241.2
0.35,0.5,241.15
0.35,0.5,241.1
0.35,0.5,241.05
0.35,0.5,241
0.35,0.5,240.95
0.35,0.5,240.9
0.35,0.5,240.85
0.35,0.5,240.8
0.35,0.5,240.75
0.35,0.5,240.7
0.35,0.5,240.65
0.45,0.5,242.38
0.45,0.5,242.33
0.45,0.5,242.28
0.45,0.5,242.23
0.45,0.5,242.18
0.45,0.5,242.13
0.45,0.5,242.08
0.45,0.5,242.03
0.45,0.5,241.98
0.45,0.5,241.93
0.45,0.5,241.88
0.45,0.5,241.83
0.45,0.5,241.78
0.45,0.5,241.73
0.45,0.5,241.68
0.45,0.5,241.63
0.45,0.5,241.58
0.45,0.5,241.53
0.45,0.5,241.48
0.45,0.5,241.43
0.45,0.5,241.38
0.45,0.5,241.33
0.45,0.5,241.28
0.45,0.5,241.23
0.45,0.5,241.18
0.45,0.5,241.13
0.45,0.5,241.08
0.45,0.5,241.03
0.45,0.5,240.98
0.45,0.5,240.93
0.45,0.5,240.88
0.45,0.5,240.83
0.45,0.5,240.78
0.45,0.5,240.73
0.45,0.5,240.68
0.45,0.5,240.63
0.35,0.5,240.6
0.35,0.5,240.55
0.35,0.5,240.5
0.35,0.5,240.45
0.35,0.5,240.27
0.35,0.5,239.72
0.35,0.5,238.67
0.35,0.5,237.12
0.35,0.5,235.07
0.35,0.5,232.52
0.35,0.5,229.47
0.35,0.5,225.92
0.45,0.5,240.58
0.45,0.5,240.53
0.45,0.5,240.48
0.45,0.5,240.43
0.45,0.5,240.25
0.45,0.5,239.7
0.45,0.5,238.65
0.45,0.5,237.1
0.45,0.5,235.05
0.45,0.5,232.5
0.45,0.5,229.45
0.45,0.5,225.9
0.55,0.5,242.36
0.55,0.5,242.31
0.55,0.5,242.26
0.55,0.5,242.21
0.55,0.5,242.16
0.55,0.5,242.11
0.55,0.5,242.06
0.55,0.5,242.01
0.55,0.5,241.96
0.55,0.5,241.91
0.55,0.5,241.86
0.55,0.5,241.81
0.55,0.5,241.76
0.55,0.5,241.71
0.55,0.5,241.66
0.55,0.5,241.61
0.55,0.5,241.56
0.55,0.5,241.51
0.55,0.5,241.46
0.55,0.5,241.41
0.55,0.5,241.36
0.55,0.5,241.31
0.55,0.5,241.26
0.55,0.5,241.21
0.55,0.5,241.16
0.55,0.5,241.11
0.55,0.5,241.06
0.55,0.5,241.01
0.55,0.5,240.96
0.55,0.5,240.91
0.55,0.5,240.86
0.55,0.5,240.81
0.55,0.5,240.76
0.55,0.5,240.71
0.55,0.5,240.66
0.55,0.5,240.61
0.65,0.5,242.34
0.65,0.5,242.29
0.65,0.5,242.24
0.65,0.5,242.19
0.65,0.5,242.14
0.65,0.5,242.09
0.65,0.5,242.04
0.65,0.5,241.99
0.65,0.5,241.94
0.65,0.5,241.89
0.65,0.5,241.84
0.65,0.5,241.79
0.65,0.5,241.74
0.65,0.5,241.69
0.65,0.5,241.64
0.65,0.5,241.59
0.65,0.5,241.54
0.65,0.5,241.49
0.65,0.5,241.44
0.65,0.5,241.39
0.65,0.5,241.34
0.65,0.5,241.29
0.65,0.5,241.24
0.65,0.5,241.19
0.65,0.5,241.14
0.65,0.5,241.09
0.65,0.5,241.04
0.65,0.5,240.99
0.65,0.5,240.94
0.65,0.5,240.89
0.65,0.5,240.84
0.65,0.5,240.79
0.65,0.5,240.74
0.65,0.5,240.69
0.65,0.5,240.64
0.65,0.5,240.59
0.55,0.5,240.56
0.55,0.5,240.51
0.55,0.5,240.46
0.55,0.5,240.41
0.55,0.5,240.23
0.55,0.5,239.68
0.55,0.5,238.63
0.55,0.5,237.08
0.55,0.5,235.03
0.55,0.5,232.48
0.55,0.5,229.43
0.55,0.5,225.88
0.65,0.5,240.54
0.65,0.5,240.49
0.65,0.5,240.44
0.65,0.5,240.39
0.65,0.5,240.21
0.65,0.5,239.66
0.65,0.5,238.61
0.65,0.5,237.06
0.65,0.5,235.01
0.65,0.5,232.46
0.65,0.5,229.41
0.65,0.5,225.86
0.75,0.5,242.32
0.75,0.5,242.27
0.75,0.5,242.22
0.75,0.5,242.17
0.75,0.5,242.12
0.75,0.5,242.07
0.75,0.5,242.02
0.75,0.5,241.97
0.75,0.5,241.92
0.75,0.5,241.87
0.75,0.5,241.82
0.75,0.5,241.77
0.75,0.5,241.72
0.75,0.5,241.67
0.75,0.5,241.62
0.75,0.5,241.57
0.75,0.5,241.52
0.75,0.5,241.47
0.75,0.5,241.42
0.75,0.5,241.37
0.75,0.5,241.32
0.75,0.5,241.27
0.75,0.5,241.22
0.75,0.5,241.17
0.75,0.5,241.12
0.75,0.5,241.07
0.75,0.5,241.02
0.75,0.5,240.97
0.75,0.5,240.92
0.75,0.5,240.87
0.75,0.5,240.82
0.75,0.5,240.77
0.75,0.5,240.72
0.75,0.5,240.67
0.75,0.5,240.62
0.75,0.5,240.57
0.85,0.5,242.3
0.85,0.5,242.25
0.85,0.5,242.2
0.85,0.5,242.15
0.85,0.5,242.1
0.85,0.5,242.05
0.85,0.5,242
0.85,0.5,241.95
0.85,0.5,241.9
0.85,0.5,241.85
0.85,0.5,241.8
0.85,0.5,241.75
0.85,0.5,241.7
0.85,0.5,241.65
0.85,0.5,241.6
0.85,0.5,241.55
0.85,0.5,241.5
0.85,0.5,241.45
0.85,0.5,241.4
0.85,0.5,241.35
0.85,0.5,241.3
0.85,0.5,241.25
0.85,0.5,241.2
0.85,0.5,241.15
0.85,0.5,241.1
0.85,0.5,241.05
0.85,0.5,241
0.85,0.5,240.95
0.85,0.5,240.9
0.85,0.5,240.85
0.85,0.5,240.8
0.85,0.5,240.75
0.85,0.5,240.7
0.85,0.5,240.65
0.85,0.5,240.6
0.85,0.5,240.55
0.75,0.5,240.52
0.75,0.5,240.47
0.75,0.5,240.42
0.75,0.5,240.37
0.75,0.5,240.19
0.75,0.5,239.64
0.75,0.5,238.59
0.75,0.5,237.04
0.75,0.5,234.99
0.75,0.5,232.44
0.75,0.5,229.39
0.75,0.5,225.84
0.85,0.5,240.5
0.85,0.5,240.45
0.85,0.5,240.4
0.85,0.5,240.35
0.85,0.5,240.17
0.85,0.5,239.62
0.85,0.5,238.57
0.85,0.5,237.02
0.85,0.5,234.97
0.85,0.5,232.42
0.85,0.5,229.37
0.85,0.5,225.82
0.95,0.5,242.28
0.95,0.5,242.23
0.95,0.5,242.18
0.95,0.5,242.13
0.95,0.5,242.08
0.95,0.5,242.03
0.95,0.5,241.98
0.95,0.5,241.93
0.95,0.5,241.88
0.95,0.5,241.83
0.95,0.5,241.78
0.95,0.5,241.73
0.95,0.5,241.68
0.95,0.5,241.63
0.95,0.5,241.58
0.95,0.5,241.53
0.95,0.5,241.48
0.95,0.5,241.43
0.95,0.5,241.38
0.95,0.5,241.33
0.95,0.5,241.28
0.95,0.5,241.23
0.95,0.5,241.18
0.95,0.5,241.13
0.95,0.5,241.08
0.95,0.5,241.03
0.95,0.5,240.98
0.95,0.5,240.93
0.95,0.5,240.88
0.95,0.5,240.83
0.95,0.5,240.78
0.95,0.5,240.73
0.95,0.5,240.68
0.95,0.5,240.63
0.95,0.5,240.58
0.95,0.5,240.53
1.05,0.5,242.26
1.05,0.5,242.21
1.05,0.5,242.16
1.05,0.5,242.11
1.05,0.5,242.06
1.05,0.5,242.01
1.05,0.5,241.96
1.05,0.5,241.91
1.05,0.5,241.86
1.05,0.5,241.81
1.05,0.5,241.76
1.05,0.5,241.71
1.05,0.5,241.66
1.05,0.5,241.61
1.05,0.5,241.56
1.05,0.5,241.51
1.05,0.5,241.46
1.05,0.5,241.41
1.05,0.5,241.36
1.05,0.5,241.31
1.05,0.5,241.26
1.05,0.5,241.21
1.05,0.5,241.16
1.05,0.5,241.11
1.05,0.5,241.06
1.05,0.5,241.01
1.05,0.5,240.96
1.05,0.5,240.91
1.05,0.5,240.86
1.05,0.5,240.81
1.05,0.5,240.76
1.05,0.5,240.71
1.05,0.5,240.66
1.05,0.5,240.61
1.05,0.5,240.56
1.05,0.5,240.51
0.95,0.5,240.48
0.95,0.5,240.43
0.95,0.5,240.38
0.95,0.5,240.33
0.95,0.5,240.15
0.95,0.5,239.6
0.95,0.5,238.55
0.95,0.5,237
0.95,0.5,234.95
0.95,0.5,232.4
0.95,0.5,229.35
0.95,0.5,225.8
1.05,0.5,240.46
1.05,0.5,240.41
1.05,0.5,240.36
1.05,0.5,240.31
1.05,0.5,240.14
1.05,0.5,239.59
1.05,0.5,238.54
1.05,0.5,236.99
1.05,0.5,234.94
1.05,0.5,232.39
1.05,0.5,229.34
1.05,0.5,225.79
1.15,0.5,242.24
1.15,0.5,242.19
1.15,0.5,242.14
1.15,0.5,242.09
1.15,0.5,242.04
1.15,0.5,241.99
1.15,0.5,241.94
1.15,0.5,241.89
1.15,0.5,241.84
1.15,0.5,241.79
1.15,0.5,241.74
1.15,0.5,241.69
1.15,0.5,241.64
1.15,0.5,241.59
1.15,0.5,241.54
1.15,0.5,241.49
1.15,0.5,241.44
1.15,0.5,241.39
1.15,0.5,241.34
1.15,0.5,241.29
1.15,0.5,241.24
1.15,0.5,241.19
1.15,0.5,241.14
1.15,0.5,241.09
1.15,0.5,241.04
1.15,0.5,240.99
1.15,0.5,240.94
1.15,0.5,240.89
1.15,0.5,240.84
1.15,0.5,240.79
1.15,0.5,240.74
1.15,0.5,240.69
1.15,0.5,240.64
1.15,0.5,240.59
1.15,0.5,240.54
1.15,0.5,240.49
1.25,0.5,242.23
1.25,0.5,242.18
1.25,0.5,242.13
1.25,0.5,242.08
1.25,0.5,242.03
1.25,0.5,241.98
1.25,0.5,241.93
1.25,0.5,241.88
1.25,0.5,241.83
1.25,0.5,241.78
1.25,0.5,241.73
1.25,0.5,241.68
1.25,0.5,241.63
1.25,0.5,241.58
1.25,0.5,241.53
1.25,0.5,241.48
1.25,0.5,241.43
1.25,0.5,241.38
1.25,0.5,241.33
1.25,0.5,241.28
1.25,0.5,241.23
1.25,0.5,241.18
1.25,0.5,241.13
1.25,0.5,241.08
1.25,0.5,241.03
1.25,0.5,240.98
1.25,0.5,240.93
1.25,0.5,240.88
1.25,0.5,240.83
1.25,0.5,240.78
1.25,0.5,240.73
1.25,0.5,240.68
1.25,0.5,240.63
1.25,0.5,240.58
1.25,0.5,240.53
1.25,0.5,240.48
1.15,0.5,240.44
1.15,0.5,240.39
1.15,0.5,240.34
1.15,0.5,240.29
1.15,0.5,240.12
1.15,0.5,239.57
1.15,0.5,238.52
1.15,0.5,236.97
1.15,0.5,234.92
1.15,0.5,232.37
1.15,0.5,229.32
1.15,0.5,225.77
1.25,0.5,240.43
1.25,0.5,240.38
1.25,0.5,240.33
1.25,0.5,240.28
1.25,0.5,240.1
1.25,0.5,239.55
1.25,0.5,238.5
1.25,0.5,236.95
1.25,0.5,234.9
1.25,0.5,232.35
1.25,0.5,229.3
1.25,0.5,225.75
1.35,0.5,242.21
1.35,0.5,242.16
1.35,0.5,242.11
1.35,0.5,242.06
1.35,0.5,242.01
1.35,0.5,241.96
1.35,0.5,241.91
1.35,0.5,241.86
1.35,0.5,241.81
1.35,0.5,241.76
1.35,0.5,241.71
1.35,0.5,241.66
1.35,0.5,241.61
1.35,0.5,241.56
1.35,0.5,241.51
1.35,0.5,241.46
1.35,0.5,241.41
1.35,0.5,241.36
1.35,0.5,241.31
1.35,0.5,241.26
1.35,0.5,241.21
1.35,0.5,241.16
1.35,0.5,241.11
1.35,0.5,241.06
1.35,0.5,241.01
1.35,0.5,240.96
1.35,0.5,240.91
1.35,0.5,240.86
1.35,0.5,240.81
1.35,0.5,240.76
1.35,0.5,240.71
1.35,0.5,240.66
1.35,0.5,240.61
1.35,0.5,240.56
1.35,0.5,240.51
1.35,0.5,240.46
1.45,0.5,242.19
1.45,0.5,242.14
1.45,0.5,242.09
1.45,0.5,242.04
1.45,0.5,241.99
1.45,0.5,241.94
1.45,0.5,241.89
1.45,0.5,241.84
1.45,0.5,241.79
1.45,0.5,241.74
1.45,0.5,241.69
1.45,0.5,241.64
1.45,0.5,241.59
1.45,0.5,241.54
1.45,0.5,241.49
1.45,0.5,241.44
1.45,0.5,241.39
1.45,0.5,241.34
1.45,0.5,241.29
1.45,0.5,241.24
1.45,0.5,241.19
1.45,0.5,241.14
1.45,0.5,241.09
1.45,0.5,241.04
1.45,0.5,240.99
1.45,0.5,240.94
1.45,0.5,240.89
1.45,0.5,240.84
1.45,0.5,240.79
1.45,0.5,240.74
1.45,0.5,240.69
1.45,0.5,240.64
1.45,0.5,240.59
1.45,0.5,240.54
1.45,0.5,240.49
1.45,0.5,240.44
1.35,0.5,240.41
1.35,0.5,240.36
1.35,0.5,240.31
1.35,0.5,240.26
1.35,0.5,240.08
1.35,0.5,239.53
1.35,0.5,238.48
1.35,0.5,236.93
1.35,0.5,234.88
1.35,0.5,232.33
1.35,0.5,229.28
1.35,0.5,225.73
1.45,0.5,240.39
1.45,0.5,240.34
1.45,0.5,240.29
1.45,0.5,240.24
1.45,0.5,240.07
1.45,0.5,239.52
1.45,0.5,238.47
1.45,0.5,236.92
1.45,0.5,234.87
1.45,0.5,232.32
1.45,0.5,229.27
1.45,0.5,225.72
1.55,0.5,242.17
1.55,0.5,242.12
1.55,0.5,242.07
1.55,0.5,242.02
1.55,0.5,241.97
1.55,0.5,241.92
1.55,0.5,241.87
1.55,0.5,241.82
1.55,0.5,241.77
1.55,0.5,241.72
1.55,0.5,241.67
1.55,0.5,241.62
1.55,0.5,241.57
1.55,0.5,241.52
1.55,0.5,241.47
1.55,0.5,241.42
1.55,0.5,241.37
1.55,0.5,241.32
1.55,0.5,241.27
1.55,0.5,241.22
1.55,0.5,241.17
1.55,0.5,241.12
1.55,0.5,241.07
1.55,0.5,241.02
1.55,0.5,240.97
1.55,0.5,240.92
1.55,0.5,240.87
1.55,0.5,240.82
1.55,0.5,240.77
1.55,0.5,240.72
1.55,0.5,240.67
1.55,0.5,240.62
1.55,0.5,240.57
1.55,0.5,240.52
1.55,0.5,240.47
1.55,0.5,240.42
1.65,0.5,242.16
1.65,0.5,242.11
1.65,0.5,242.06
1.65,0.5,242.01
1.65,0.5,241.96
1.65,0.5,241.91
1.65,0.5,241.86
1.65,0.5,241.81
1.65,0.5,241.76
1.65,0.5,241.71
1.65,0.5,241.66
1.65,0.5,241.61
1.65,0.5,241.56
1.65,0.5,241.51
1.65,0.5,241.46
1.65,0.5,241.41
1.65,0.5,241.36
1.65,0.5,241.31
1.65,0.5,241.26
1.65,0.5,241.21
1.65,0.5,241.16
1.65,0.5,241.11
1.65,0.5,241.06
1.65,0.5,241.01
1.65,0.5,240.96
1.65,0.5,240.91
1.65,0.5,240.86
1.65,0.5,240.81
1.65,0.5,240.76
1.65,0.5,240.71
1.65,0.5,240.66
1.65,0.5,240.61
1.65,0.5,240.56
1.65,0.5,240.51
1.65,0.5,240.46
1.65,0.5,240.41
1.55,0.5,240.37
1.55,0.5,240.32
1.55,0.5,240.27
1.55,0.5,240.22
1.55,0.5,240.05
1.55,0.5,239.5
1.55,0.5,238.45
1.55,0.5,236.9
1.55,0.5,234.85
1.55,0.5,232.3
1.55,0.5,229.25
1.55,0.5,225.7
1.65,0.5,240.36
1.65,0.5,240.31
1.65,0.5,240.26
1.65,0.5,240.21
1.65,0.5,240.03
1.65,0.5,239.48
1.65,0.5,238.43
1.65,0.5,236.88
1.65,0.5,234.83
1.65,0.5,232.28
1.65,0.5,229.23
1.65,0.5,225.68
1.75,0.5,242.14
1.75,0.5,242.09
1.75,0.5,242.04
1.75,0.5,241.99
1.75,0.5,241.94
1.75,0.5,241.89
1.75,0.5,241.84
1.75,0.5,241.79
1.75,0.5,241.74
1.75,0.5,241.69
1.75,0.5,241.64
1.75,0.5,241.59
1.75,0.5,241.54
1.75,0.5,241.49
1.75,0.5,241.44
1.75,0.5,241.39
1.75,0.5,241.34
1.75,0.5,241.29
1.75,0.5,241.24
1.75,0.5,241.19
1.75,0.5,241.14
1.75,0.5,241.09
1.75,0.5,241.04
1.75,0.5,240.99
1.75,0.5,240.94
1.75,0.5,240.89
1.75,0.5,240.84
1.75,0.5,240.79
1.75,0.5,240.74
1.75,0.5,240.69
1.75,0.5,240.64
1.75,0.5,240.59
1.75,0.5,240.54
1.75,0.5,240.49
1.75,0.5,240.44
1.75,0.5,240.39
1.85,0.5,242.12
1.85,0.5,242.07
1.85,0.5,242.02
1.85,0.5,241.97
1.85,0.5,241.92
1.85,0.5,241.87
1.85,0.5,241.82
1.85,0.5,241.77
1.85,0.5,241.72
1.85,0.5,241.67
1.85,0.5,241.62
1.85,0.5,241.57
1.85,0.5,241.52
1.85,0.5,241.47
1.85,0.5,241.42
1.85,0.5,241.37
1.85,0.5,241.32
1.85,0.5,241.27
1.85,0.5,241.22
1.85,0.5,241.17
1.85,0.5,241.12
1.85,0.5,241.07
1.85,0.5,241.02
1.85,0.5,240.97
1.85,0.5,240.92
1.85,0.5,240.87
1.85,0.5,240.82
1.85,0.5,240.77
1.85,0.5,240.72
1.85,0.5,240.67
1.85,0.5,240.62
1.85,0.5,240.57
1.85,0.5,240.52
1.85,0.5,240.47
1.85,0.5,240.42
1.85,0.5,240.37
1.75,0.5,240.34
1.75,0.5,240.29
1.75,0.5,240.24
1.75,0.5,240.19
1.75,0.5,240.01
1.75,0.5,239.46
1.75,0.5,238.41
1.75,0.5,236.86
1.75,0.5,234.81
1.75,0.5,232.26
1.75,0.5,229.21
1.75,0.5,225.66
1.85,0.5,240.32
1.85,0.5,240.27
1.85,0.5,240.22
1.85,0.5,240.17
1.85,0.5,240
1.85,0.5,239.45
1.85,0.5,238.4
1.85,0.5,236.85
1.85,0.5,234.8
1.85,0.5,232.25
1.85,0.5,229.2
1.85,0.5,225.65
1.95,0.5,242.11
1.95,0.5,242.06
1.95,0.5,242.01
1.95,0.5,241.96
1.95,0.5,241.91
1.95,0.5,241.86
1.95,0.5,241.81
1.95,0.5,241.76
1.95,0.5,241.71
1.95,0.5,241.66
1.95,0.5,241.61
1.95,0.5,241.56
1.95,0.5,241.51
1.95,0.5,241.46
1.95,0.5,241.41
1.95,0.5,241.36
1.95,0.5,241.31
1.95,0.5,241.26
1.95,0.5,241.21
1.95,0.5,241.16
1.95,0.5,241.11
1.95,0.5,241.06
1.95,0.5,241.01
1.95,0.5,240.96
1.95,0.5,240.91
1.95,0.5,240.86
1.95,0.5,240.81
1.95,0.5,240.76
1.95,0.5,240.71
1.95,0.5,240.66
1.95,0.5,240.61
1.95,0.5,240.56
1.95,0.5,240.51
1.95,0.5,240.46
1.95,0.5,240.41
1.95,0.5,240.36
1.95,0.5,240.31
1.95,0.5,240.26
1.95,0.5,240.21
1.95,0.5,240.16
1.95,0.5,239.98
1.95,0.5,239.43
1.95,0.5,238.38
1.95,0.5,236.83
1.95,0.5,234.78
1.95,0.5,232.23
1.95,0.5,229.18
1.95,0.5,225.63
2.05,0.5,242.09
2.05,0.5,242.04
2.05,0.5,241.99
2.05,0.5,241.94
2.05,0.5,241.89
2.05,0.5,241.84
2.05,0.5,241.79
2.05,0.5,241.74
2.05,0.5,241.69
2.05,0.5,241.64
2.05,0.5,241.59
2.05,0.5,241.54
2.05,0.5,241.49
2.05,0.5,241.44
2.05,0.5,241.39
2.05,0.5,241.34
2.05,0.5,241.29
2.05,0.5,241.24
2.05,0.5,241.19
2.05,0.5,241.14
2.05,0.5,241.09
2.05,0.5,241.04
2.05,0.5,240.99
2.05,0.5,240.94
2.05,0.5,240.89
2.05,0.5,240.84
2.05,0.5,240.79
2.05,0.5,240.74
2.05,0.5,240.69
2.05,0.5,240.64
2.05,0.5,240.59
2.05,0.5,240.54
2.05,0.5,240.49
2.05,0.5,240.44
2.05,0.5,240.39
2.05,0.5,240.34
2.15,0.5,242.08
2.15,0.5,242.03
2.15,0.5,241.98
2.15,0.5,241.93
2.15,0.5,241.88
2.15,0.5,241.83
2.15,0.5,241.78
2.15,0.5,241.73
2.15,0.5,241.68
2.15,0.5,241.63
2.15,0.5,241.58
2.15,0.5,241.53
2.15,0.5,241.48
2.15,0.5,241.43
2.15,0.5,241.38
2.15,0.5,241.33
2.15,0.5,241.28
2.15,0.5,241.23
2.15,0.5,241.18
2.15,0.5,241.13
2.15,0.5,241.08
2.15,0.5,241.03
2.15,0.5,240.98
2.15,0.5,240.93
2.15,0.5,240.88
2.15,0.5,240.83
2.15,0.5,240.78
2.15,0.5,240.73
2.15,0.5,240.68
2.15,0.5,240.63
2.15,0.5,240.58
2.15,0.5,240.53
2.15,0.5,240.48
2.15,0.5,240.43
2.15,0.5,240.38
2.15,0.5,240.33
2.05,0.5,240.29
2.05,0.5,240.24
2.05,0.5,240.19
2.05,0.5,240.14
2.05,0.5,239.97
2.05,0.5,239.42
2.05,0.5,238.37
2.05,0.5,236.82
2.05,0.5,234.77
2.05,0.5,232.22
2.05,0.5,229.17
2.05,0.5,225.62
2.15,0.5,240.28
2.15,0.5,240.23
2.15,0.5,240.18
2.15,0.5,240.13
2.15,0.5,239.95
2.15,0.5,239.4
2.15,0.5,238.35
2.15,0.5,236.8
2.15,0.5,234.75
2.15,0.5,232.2
2.15,0.5,229.15
2.15,0.5,225.6
2.25,0.5,242.06
2.25,0.5,242.01
2.25,0.5,241.96
2.25,0.5,241.91
2.25,0.5,241.86
2.25,0.5,241.81
2.25,0.5,241.76
2.25,0.5,241.71
2.25,0.5,241.66
2.25,0.5,241.61
2.25,0.5,241.56
2.25,0.5,241.51
2.25,0.5,241.46
2.25,0.5,241.41
2.25,0.5,241.36
2.25,0.5,241.31
2.25,0.5,241.26
2.25,0.5,241.21
2.25,0.5,241.16
2.25,0.5,241.11
2.25,0.5,241.06
2.25,0.5,241.01
2.25,0.5,240.96
2.25,0.5,240.91
2.25,0.5,240.86
2.25,0.5,240.81
2.25,0.5,240.76
2.25,0.5,240.71
2.25,0.5,240.66
2.25,0.5,240.61
2.25,0.5,240.56
2.25,0.5,240.51
2.25,0.5,240.46
2.25,0.5,240.41
2.25,0.5,240.36
2.25,0.5,240.31
2.35,0.5,242.05
2.35,0.5,242
2.35,0.5,241.95
2.35,0.5,241.9
2.35,0.5,241.85
2.35,0.5,241.8
2.35,0.5,241.75
2.35,0.5,241.7
2.35,0.5,241.65
2.35,0.5,241.6
2.35,0.5,241.55
2.35,0.5,241.5
2.35,0.5,241.45
2.35,0.5,241.4
2.35,0.5,241.35
2.35,0.5,241.3
2.35,0.5,241.25
2.35,0.5,241.2
2.35,0.5,241.15
2.35,0.5,241.1
2.35,0.5,241.05
2.35,0.5,241
2.35,0.5,240.95
2.35,0.5,240.9
2.35,0.5,240.85
2.35,0.5,240.8
2.35,0.5,240.75
2.35,0.5,240.7
2.35,0.5,240.65
2.35,0.5,240.6
2.35,0.5,240.55
2.35,0.5,240.5
2.35,0.5,240.45
2.35,0.5,240.4
2.35,0.5,240.35
2.35,0.5,240.3
2.25,0.5,240.26
2.25,0.5,240.21
2.25,0.5,240.16
2.25,0.5,240.11
2.25,0.5,239.94
2.25,0.5,239.39
2.25,0.5,238.34
2.25,0.5,236.79
2.25,0.5,234.74
2.25,0.5,232.19
2.25,0.5,229.14
2.25,0.5,225.59
2.35,0.5,240.25
2.35,0.5,240.2
2.35,0.5,240.15
2.35,0.5,240.1
2.35,0.5,239.92
2.35,0.5,239.37
2.35,0.5,238.32
2.35,0.5,236.77
2.35,0.5,234.72
2.35,0.5,232.17
2.35,0.5,229.12
2.35,0.5,225.57
2.45,0.5,242.03
2.45,0.5,241.98
2.45,0.5,241.93
2.45,0.5,241.88
2.45,0.5,241.83
2.45,0.5,241.78
2.45,0.5,241.73
2.45,0.5,241.68
2.45,0.5,241.63
2.45,0.5,241.58
2.45,0.5,241.53
2.45,0.5,241.48
2.45,0.5,241.43
2.45,0.5,241.38
2.45,0.5,241.33
2.45,0.5,241.28
2.45,0.5,241.23
2.45,0.5,241.18
2.45,0.5,241.13
2.45,0.5,241.08
2.45,0.5,241.03
2.45,0.5,240.98
2.45,0.5,240.93
2.45,0.5,240.88
2.45,0.5,240.83
2.45,0.5,240.78
2.45,0.5,240.73
2.45,0.5,240.68
2.45,0.5,240.63
2.45,0.5,240.58
2.45,0.5,240.53
2.45,0.5,240.48
2.45,0.5,240.43
2.45,0.5,240.38
2.45,0.5,240.33
2.45,0.5,240.28
2.45,0.5,240.23
2.45,0.5,240.18
2.45,0.5,240.13
2.45,0.5,240.08
2.45,0.5,239.91
2.45,0.5,239.36
2.45,0.5,238.31
2.45,0.5,236.76
2.45,0.5,234.71
2.45,0.5,232.16
2.45,0.5,229.11
2.45,0.5,225.56
2.55,0.5,242.02
2.55,0.5,241.97
2.55,0.5,241.92
2.55,0.5,241.87
2.55,0.5,241.82
2.55,0.5,241.77
2.55,0.5,241.72
2.55,0.5,241.67
2.55,0.5,241.62
2.55,0.5,241.57
2.55,0.5,241.52
2.55,0.5,241.47
2.55,0.5,241.42
2.55,0.5,241.37
2.55,0.5,241.32
2.55,0.5,241.27
2.55,0.5,241.22
2.55,0.5,241.17
2.55,0.5,241.12
2.55,0.5,241.07
2.55,0.5,241.02
2.55,0.5,240.97
2.55,0.5,240.92
2.55,0.5,240.87
2.55,0.5,240.82
2.55,0.5,240.77
2.55,0.5,240.72
2.55,0.5,240.67
2.55,0.5,240.62
2.55,0.5,240.57
2.55,0.5,240.52
2.55,0.5,240.47
2.55,0.5,240.42
2.55,0.5,240.37
2.55,0.5,240.32
2.55,0.5,240.27
2.65,0.5,242
2.65,0.5,241.95
2.65,0.5,241.9
2.65,0.5,241.85
2.65,0.5,241.8
2.65,0.5,241.75
2.65,0.5,241.7
2.65,0.5,241.65
2.65,0.5,241.6
2.65,0.5,241.55
2.65,0.5,241.5
2.65,0.5,241.45
2.65,0.5,241.4
2.65,0.5,241.35
2.65,0.5,241.3
2.65,0.5,241.25
2.65,0.5,241.2
2.65,0.5,241.15
2.65,0.5,241.1
2.65,0.5,241.05
2.65,0.5,241
2.65,0.5,240.95
2.65,0.5,240.9
2.65,0.5,240.85
2.65,0.5,240.8
2.65,0.5,240.75
2.65,0.5,240.7
2.65,0.5,240.65
2.65,0.5,240.6
2.65,0.5,240.55
2.65,0.5,240.5
2.65,0.5,240.45
2.65,0.5,240.4
2.65,0.5,240.35
2.65,0.5,240.3
2.65,0.5,240.25
2.55,0.5,240.22
2.55,0.5,240.17
2.55,0.5,240.12
2.55,0.5,240.07
2.55,0.5,239.89
2.55,0.5,239.34
2.55,0.5,238.29
2.55,0.5,236.74
2.55,0.5,234.69
2.55,0.5,232.14
2.55,0.5,229.09
2.55,0.5,225.54
2.65,0.5,240.2
2.65,0.5,240.15
2.65,0.5,240.1
2.65,0.5,240.05
2.65,0.5,239.88
2.65,0.5,239.33
2.65,0.5,238.28
2.65,0.5,236.73
2.65,0.5,234.68
2.65,0.5,232.13
2.65,0.5,229.08
2.65,0.5,225.53
2.75,0.5,241.99
2.75,0.5,241.94
2.75,0.5,241.89
2.75,0.5,241.84
2.75,0.5,241.79
2.75,0.5,241.74
2.75,0.5,241.69
2.75,0.5,241.64
2.75,0.5,241.59
2.75,0.5,241.54
2.75,0.5,241.49
2.75,0.5,241.44
2.75,0.5,241.39
2.75,0.5,241.34
2.75,0.5,241.29
2.75,0.5,241.24
2.75,0.5,241.19
2.75,0.5,241.14
2.75,0.5,241.09
2.75,0.5,241.04
2.75,0.5,240.99
2.75,0.5,240.94
2.75,0.5,240.89
2.75,0.5,240.84
2.75,0.5,240.79
2.75,0.5,240.74
2.75,0.5,240.69
2.75,0.5,240.64
2.75,0.5,240.59
2.75,0.5,240.54
2.75,0.5,240.49
2.75,0.5,240.44
2.75,0.5,240.39
2.75,0.5,240.34
2.75,0.5,240.29
2.75,0.5,240.24
2.85,0.5,241.97
2.85,0.5,241.92
2.85,0.5,241.87
2.85,0.5,241.82
2.85,0.5,241.77
2.85,0.5,241.72
2.85,0.5,241.67
2.85,0.5,241.62
2.85,0.5,241.57
2.85,0.5,241.52
2.85,0.5,241.47
2.85,0.5,241.42
2.85,0.5,241.37
2.85,0.5,241.32
2.85,0.5,241.27
2.85,0.5,241.22
2.85,0.5,241.17
2.85,0.5,241.12
2.85,0.5,241.07
2.85,0.5,241.02
2.85,0.5,240.97
2.85,0.5,240.92
2.85,0.5,240.87
2.85,0.5,240.82
2.85,0.5,240.77
2.85,0.5,240.72
2.85,0.5,240.67
2.85,0.5,240.62
2.85,0.5,240.57
2.85,0.5,240.52
2.85,0.5,240.47
2.85,0.5,240.42
2.85,0.5,240.37
2.85,0.5,240.32
2.85,0.5,240.27
2.85,0.5,240.22
2.75,0.5,240.19
2.75,0.5,240.14
2.75,0.5,240.09
2.75,0.5,240.04
2.75,0.5,239.86
2.75,0.5,239.31
2.75,0.5,238.26
2.75,0.5,236.71
2.75,0.5,234.66
2.75,0.5,232.11
2.75,0.5,229.06
2.75,0.5,225.51
2.85,0.5,240.17
2.85,0.5,240.12
2.85,0.5,240.07
2.85,0.5,240.02
2.85,0.5,239.85
2.85,0.5,239.3
2.85,0.5,238.25
2.85,0.5,236.7
2.85,0.5,234.65
2.85,0.5,232.1
2.85,0.5,229.05
2.85,0.5,225.5
2.95,0.5,241.96
2.95,0.5,241.91
2.95,0.5,241.86
2.95,0.5,241.81
2.95,0.5,241.76
2.95,0.5,241.71
2.95,0.5,241.66
2.95,0.5,241.61
2.95,0.5,241.56
2.95,0.5,241.51
2.95,0.5,241.46
2.95,0.5,241.41
2.95,0.5,241.36
2.95,0.5,241.31
2.95,0.5,241.26
2.95,0.5,241.21
2.95,0.5,241.16
2.95,0.5,241.11
2.95,0.5,241.06
2.95,0.5,241.01
2.95,0.5,240.96
2.95,0.5,240.91
2.95,0.5,240.86
2.95,0.5,240.81
2.95,0.5,240.76
2.95,0.5,240.71
2.95,0.5,240.66
2.95,0.5,240.61
2.95,0.5,240.56
2.95,0.5,240.51
2.95,0.5,240.46
2.95,0.5,240.41
2.95,0.5,240.36
2.95,0.5,240.31
2.95,0.5,240.26
2.95,0.5,240.21
3.05,0.5,241.95
3.05,0.5,241.9
3.05,0.5,241.85
3.05,0.5,241.8
3.05,0.5,241.75
3.05,0.5,241.7
3.05,0.5,241.65
3.05,0.5,241.6
3.05,0.5,241.55
3.05,0.5,241.5
3.05,0.5,241.45
3.05,0.5,241.4
3.05,0.5,241.35
3.05,0.5,241.3
3.05,0.5,241.25
3.05,0.5,241.2
3.05,0.5,241.15
3.05,0.5,241.1
3.05,0.5,241.05
3.05,0.5,241
3.05,0.5,240.95
3.05,0.5,240.9
3.05,0.5,240.85
3.05,0.5,240.8
3.05,0.5,240.75
3.05,0.5,240.7
3.05,0.5,240.65
3.05,0.5,240.6
3.05,0.5,240.55
3.05,0.5,240.5
3.05,0.5,240.45
3.05,0.5,240.4
3.05,0.5,240.35
3.05,0.5,240.3
3.05,0.5,240.25
3.05,0.5,240.2
2.95,0.5,240.16
2.95,0.5,240.11
2.95,0.5,240.06
2.95,0.5,240.01
2.95,0.5,239.83
2.95,0.5,239.28
2.95,0.5,238.23
2.95,0.5,236.68
2.95,0.5,234.63
2.95,0.5,232.08
2.95,0.5,229.03
2.95,0.5,225.48
3.05,0.5,240.15
3.05,0.5,240.1
3.05,0.5,240.05
3.05,0.5,240
3.05,0.5,239.82
3.05,0.5,239.27
3.05,0.5,238.22
3.05,0.5,236.67
3.05,0.5,234.62
3.05,0.5,232.07
3.05,0.5,229.02
3.05,0.5,225.47
3.15,0.5,241.93
3.15,0.5,241.88
3.15,0.5,241.83
3.15,0.5,241.78
3.15,0.5,241.73
3.15,0.5,241.68
3.15,0.5,241.63
3.15,0.5,241.58
3.15,0.5,241.53
3.15,0.5,241.48
3.15,0.5,241.43
3.15,0.5,241.38
3.15,0.5,241.33
3.15,0.5,241.28
3.15,0.5,241.23
3.15,0.5,241.18
3.15,0.5,241.13
3.15,0.5,241.08
3.15,0.5,241.03
3.15,0.5,240.98
3.15,0.5,240.93
3.15,0.5,240.88
3.15,0.5,240.83
3.15,0.5,240.78
3.15,0.5,240.73
3.15,0.5,240.68
3.15,0.5,240.63
3.15,0.5,240.58
3.15,0.5,240.53
3.15,0.5,240.48
3.15,0.5,240.43
3.15,0.5,240.38
3.15,0.5,240.33
3.15,0.5,240.28
3.15,0.5,240.23
3.15,0.5,240.18
3.25,0.5,241.92
3.25,0.5,241.87
3.25,0.5,241.82
3.25,0.5,241.77
3.25,0.5,241.72
3.25,0.5,241.67
3.25,0.5,241.62
3.25,0.5,241.57
3.25,0.5,241.52
3.25,0.5,241.47
3.25,0.5,241.42
3.25,0.5,241.37
3.25,0.5,241.32
3.25,0.5,241.27
3.25,0.5,241.22
3.25,0.5,241.17
3.25,0.5,241.12
3.25,0.5,241.07
3.25,0.5,241.02
3.25,0.5,240.97
3.25,0.5,240.92
3.25,0.5,240.87
3.25,0.5,240.82
3.25,0.5,240.77
3.25,0.5,240.72
3.25,0.5,240.67
3.25,0.5,240.62
3.25,0.5,240.57
3.25,0.5,240.52
3.25,0.5,240.47
3.25,0.5,240.42
3.25,0.5,240.37
3.25,0.5,240.32
3.25,0.5,240.27
3.25,0.5,240.22
3.25,0.5,240.17
3.15,0.5,240.13
3.15,0.5,240.08
3.15,0.5,240.03
3.15,0.5,239.98
3.15,0.5,239.81
3.15,0.5,239.26
3.15,0.5,238.21
3.15,0.5,236.66
3.15,0.5,234.61
3.15,0.5,232.06
3.15,0.5,229.01
3.15,0.5,225.46
3.25,0.5,240.12
3.25,0.5,240.07
3.25,0.5,240.02
3.25,0.5,239.97
3.25,0.5,239.79
3.25,0.5,239.24
3.25,0.5,238.19
3.25,0.5,236.64
3.25,0.5,234.59
3.25,0.5,232.04
3.25,0.5,228.99
3.25,0.5,225.44
3.35,0.5,241.9
3.35,0.5,241.85
3.35,0.5,241.8
3.35,0.5,241.75
3.35,0.5,241.7
3.35,0.5,241.65
3.35,0.5,241.6
3.35,0.5,241.55
3.35,0.5,241.5
3.35,0.5,241.45
3.35,0.5,241.4
3.35,0.5,241.35
3.35,0.5,241.3
3.35,0.5,241.25
3.35,0.5,241.2
3.35,0.5,241.15
3.35,0.5,241.1
3.35,0.5,241.05
3.35,0.5,241
3.35,0.5,240.95
3.35,0.5,240.9
3.35,0.5,240.85
3.35,0.5,240.8
3.35,0.5,240.75
3.35,0.5,240.7
3.35,0.5,240.65
3.35,0.5,240.6
3.35,0.5,240.55
3.35,0.5,240.5
3.35,0.5,240.45
3.35,0.5,240.4
3.35,0.5,240.35
3.35,0.5,240.3
3.35,0.5,240.25
3.35,0.5,240.2
3.35,0.5,240.15
3.45,0.5,241.89
3.45,0.5,241.84
3.45,0.5,241.79
3.45,0.5,241.74
3.45,0.5,241.69
3.45,0.5,241.64
3.45,0.5,241.59
3.45,0.5,241.54
3.45,0.5,241.49
3.45,0.5,241.44
3.45,0.5,241.39
3.45,0.5,241.34
3.45,0.5,241.29
3.45,0.5,241.24
3.45,0.5,241.19
3.45,0.5,241.14
3.45,0.5,241.09
3.45,0.5,241.04
3.45,0.5,240.99
3.45,0.5,240.94
3.45,0.5,240.89
3.45,0.5,240.84
3.45,0.5,240.79
3.45,0.5,240.74
3.45,0.5,240.69
3.45,0.5,240.64
3.45,0.5,240.59
3.45,0.5,240.54
3.45,0.5,240.49
3.45,0.5,240.44
3.45,0.5,240.39
3.45,0.5,240.34
3.45,0.5,240.29
3.45,0.5,240.24
3.45,0.5,240.19
3.45,0.5,240.14
3.35,0.5,240.1
3.35,0.5,240.05
3.35,0.5,240
3.35,0.5,239.95
3.35,0.5,239.78
3.35,0.5,239.23
3.35,0.5,238.18
3.35,0.5,236.63
3.35,0.5,234.58
3.35,0.5,232.03
3.35,0.5,228.98
3.35,0.5,225.43
3.45,0.5,240.09
3.45,0.5,240.04
3.45,0.5,239.99
3.45,0.5,239.94
3.45,0.5,239.76
3.45,0.5,239.21
3.45,0.5,238.16
3.45,0.5,236.61
3.45,0.5,234.56
3.45,0.5,232.01
3.45,0.5,228.96
3.45,0.5,225.41
3.55,0.5,241.88
3.55,0.5,241.83
3.55,0.5,241.78
3.55,0.5,241.73
3.55,0.5,241.68
3.55,0.5,241.63
3.55,0.5,241.58
3.55,0.5,241.53
3.55,0.5,241.48
3.55,0.5,241.43
3.55,0.5,241.38
3.55,0.5,241.33
3.55,0.5,241.28
3.55,0.5,241.23
3.55,0.5,241.18
3.55,0.5,241.13
3.55,0.5,241.08
3.55,0.5,241.03
3.55,0.5,240.98
3.55,0.5,240.93
3.55,0.5,240.88
3.55,0.5,240.83
3.55,0.5,240.78
3.55,0.5,240.73
3.55,0.5,240.68
3.55,0.5,240.63
3.55,0.5,240.58
3.55,0.5,240.53
3.55,0.5,240.48
3.55,0.5,240.43
3.55,0.5,240.38
3.55,0.5,240.33
3.55,0.5,240.28
3.55,0.5,240.23
3.55,0.5,240.18
3.55,0.5,240.13
3.65,0.5,241.86
3.65,0.5,241.81
3.65,0.5,241.76
3.65,0.5,241.71
3.65,0.5,241.66
3.65,0.5,241.61
3.65,0.5,241.56
3.65,0.5,241.51
3.65,0.5,241.46
3.65,0.5,241.41
3.65,0.5,241.36
3.65,0.5,241.31
3.65,0.5,241.26
3.65,0.5,241.21
3.65,0.5,241.16
3.65,0.5,241.11
3.65,0.5,241.06
3.65,0.5,241.01
3.65,0.5,240.96
3.65,0.5,240.91
3.65,0.5,240.86
3.65,0.5,240.81
3.65,0.5,240.76
3.65,0.5,240.71
3.65,0.5,240.66
3.65,0.5,240.61
3.65,0.5,240.56
3.65,0.5,240.51
3.65,0.5,240.46
3.65,0.5,240.41
3.65,0.5,240.36
3.65,0.5,240.31
3.65,0.5,240.26
3.65,0.5,240.21
3.65,0.5,240.16
3.65,0.5,240.11
3.55,0.5,240.08
3.55,0.5,240.03
3.55,0.5,239.98
3.55,0.5,239.93
3.55,0.5,239.75
3.55,0.5,239.2
3.55,0.5,238.15
3.55,0.5,236.6
3.55,0.5,234.55
3.55,0.5,232
3.55,0.5,228.95
3.55,0.5,225.4
3.65,0.5,240.06
3.65,0.5,240.01
3.65,0.5,239.96
3.65,0.5,239.91
3.65,0.5,239.74
3.65,0.5,239.19
3.65,0.5,238.14
3.65,0.5,236.59
3.65,0.5,234.54
3.65,0.5,231.99
3.65,0.5,228.94
3.65,0.5,225.39
3.75,0.5,241.85
3.75,0.5,241.8
3.75,0.5,241.75
3.75,0.5,241.7
3.75,0.5,241.65
3.75,0.5,241.6
3.75,0.5,241.55
3.75,0.5,241.5
3.75,0.5,241.45
3.75,0.5,241.4
3.75,0.5,241.35
3.75,0.5,241.3
3.75,0.5,241.25
3.75,0.5,241.2
3.75,0.5,241.15
3.75,0.5,241.1
3.75,0.5,241.05
3.75,0.5,241
3.75,0.5,240.95
3.75,0.5,240.9
3.75,0.5,240.85
3.75,0.5,240.8
3.75,0.5,240.75
3.75,0.5,240.7
3.75,0.5,240.65
3.75,0.5,240.6
3.75,0.5,240.55
3.75,0.5,240.5
3.75,0.5,240.45
3.75,0.5,240.4
3.75,0.5,240.35
3.75,0.5,240.3
3.75,0.5,240.25
3.75,0.5,240.2
3.75,0.5,240.15
3.75,0.5,240.1
3.85,0.5,241.83
3.85,0.5,241.78
3.85,0.5,241.73
3.85,0.5,241.68
3.85,0.5,241.63
3.85,0.5,241.58
3.85,0.5,241.53
3.85,0.5,241.48
3.85,0.5,241.43
3.85,0.5,241.38
3.85,0.5,241.33
3.85,0.5,241.28
3.85,0.5,241.23
3.85,0.5,241.18
3.85,0.5,241.13
3.85,0.5,241.08
3.85,0.5,241.03
3.85,0.5,240.98
3.85,0.5,240.93
3.85,0.5,240.88
3.85,0.5,240.83
3.85,0.5,240.78
3.85,0.5,240.73
3.85,0.5,240.68
3.85,0.5,240.63
3.85,0.5,240.58
3.85,0.5,240.53
3.85,0.5,240.48
3.85,0.5,240.43
3.85,0.5,240.38
3.85,0.5,240.33
3.85,0.5,240.28
3.85,0.5,240.23
3.85,0.5,240.18
3.85,0.5,240.13
3.85,0.5,240.08
3.75,0.5,240.05
3.75,0.5,240
3.75,0.5,239.95
3.75,0.5,239.9
3.75,0.5,239.72
3.75,0.5,239.17
3.75,0.5,238.12
3.75,0.5,236.57
3.75,0.5,234.52
3.75,0.5,231.97
3.75,0.5,228.92
3.75,0.5,225.37
3.85,0.5,240.03
3.85,0.5,239.98
3.85,0.5,239.93
3.85,0.5,239.88
3.85,0.5,239.71
3.85,0.5,239.16
3.85,0.5,238.11
3.85,0.5,236.56
3.85,0.5,234.51
3.85,0.5,231.96
3.85,0.5,228.91
3.85,0.5,225.36
3.95,0.5,241.82
3.95,0.5,241.77
3.95,0.5,241.72
3.95,0.5,241.67
3.95,0.5,241.62
3.95,0.5,241.57
3.95,0.5,241.52
3.95,0.5,241.47
3.95,0.5,241.42
3.95,0.5,241.37
3.95,0.5,241.32
3.95,0.5,241.27
3.95,0.5,241.22
3.95,0.5,241.17
3.95,0.5,241.12
3.95,0.5,241.07
3.95,0.5,241.02
3.95,0.5,240.97
3.95,0.5,240.92
3.95,0.5,240.87
3.95,0.5,240.82
3.95,0.5,240.77
3.95,0.5,240.72
3.95,0.5,240.67
3.95,0.5,240.62
3.95,0.5,240.57
3.95,0.5,240.52
3.95,0.5,240.47
3.95,0.5,240.42
3.95,0.5,240.37
3.95,0.5,240.32
3.95,0.5,240.27
3.95,0.5,240.22
3.95,0.5,240.17
3.95,0.5,240.12
3.95,0.5,240.07
4.05,0.5,241.8
4.05,0.5,241.75
4.05,0.5,241.7
4.05,0.5,241.65
4.05,0.5,241.6
4.05,0.5,241.55
4.05,0.5,241.5
4.05,0.5,241.45
4.05,0.5,241.4
4.05,0.5,241.35
4.05,0.5,241.3
4.05,0.5,241.25
4.05,0.5,241.2
4.05,0.5,241.15
4.05,0.5,241.1
4.05,0.5,241.05
4.05,0.5,241
4.05,0.5,240.95
4.05,0.5,240.9
4.05,0.5,240.85
4.05,0.5,240.8
4.05,0.5,240.75
4.05,0.5,240.7
4.05,0.5,240.65
4.05,0.5,240.6
4.05,0.5,240.55
4.05,0.5,240.5
4.05,0.5,240.45
4.05,0.5,240.4
4.05,0.5,240.35
4.05,0.5,240.3
4.05,0.5,240.25
4.05,0.5,240.2
4.05,0.5,240.15
4.05,0.5,240.1
4.05,0.5,240.05
3.95,0.5,240.02
3.95,0.5,239.97
3.95,0.5,239.92
3.95,0.5,239.87
3.95,0.5,239.69
3.95,0.5,239.14
3.95,0.5,238.09
3.95,0.5,236.54
3.95,0.5,234.49
3.95,0.5,231.94
3.95,0.5,228.89
3.95,0.5,225.34
4.05,0.5,240
4.05,0.5,239.95
4.05,0.5,239.9
4.05,0.5,239.85
4.05,0.5,239.68
4.05,0.5,239.13
4.05,0.5,238.08
4.05,0.5,236.53
4.05,0.5,234.48
4.05,0.5,231.93
4.05,0.5,228.88
4.05,0.5,225.33
4.15,0.5,241.78
4.15,0.5,241.73
4.15,0.5,241.68
4.15,0.5,241.63
4.15,0.5,241.58
4.15,0.5,241.53
4.15,0.5,241.48
4.15,0.5,241.43
4.15,0.5,241.38
4.15,0.5,241.33
4.15,0.5,241.28
4.15,0.5,241.23
4.15,0.5,241.18
4.15,0.5,241.13
4.15,0.5,241.08
4.15,0.5,241.03
4.15,0.5,240.98
4.15,0.5,240.93
4.15,0.5,240.88
4.15,0.5,240.83
4.15,0.5,240.78
4.15,0.5,240.73
4.15,0.5,240.68
4.15,0.5,240.63
4.15,0.5,240.58
4.15,0.5,240.53
4.15,0.5,240.48
4.15,0.5,240.43
4.15,0.5,240.38
4.15,0.5,240.33
4.15,0.5,240.28
4.15,0.5,240.23
4.15,0.5,240.18
4.15,0.5,240.13
4.15,0.5,240.08
4.15,0.5,240.03
4.25,0.5,241.77
4.25,0.5,241.72
4.25,0.5,241.67
4.25,0.5,241.62
4.25,0.5,241.57
4.25,0.5,241.52
4.25,0.5,241.47
4.25,0.5,241.42
4.25,0.5,241.37
4.25,0.5,241.32
4.25,0.5,241.27
4.25,0.5,241.22
4.25,0.5,241.17
4.25,0.5,241.12
4.25,0.5,241.07
4.25,0.5,241.02
4.25,0.5,240.97
4.25,0.5,240.92
4.25,0.5,240.87
4.25,0.5,240.82
4.25,0.5,240.77
4.25,0.5,240.72
4.25,0.5,240.67
4.25,0.5,240.62
4.25,0.5,240.57
4.25,0.5,240.52
4.25,0.5,240.47
4.25,0.5,240.42
4.25,0.5,240.37
4.25,0.5,240.32
4.25,0.5,240.27
4.25,0.5,240.22
4.25,0.5,240.17
4.25,0.5,240.12
4.25,0.5,240.07
4.25,0.5,240.02
4.15,0.5,239.98
4.15,0.5,239.93
4.15,0.5,239.88
4.15,0.5,239.83
4.15,0.5,239.66
4.15,0.5,239.11
4.15,0.5,238.06
4.15,0.5,236.51
4.15,0.5,234.46
4.15,0.5,231.91
4.15,0.5,228.86
4.15,0.5,225.31
4.25,0.5,239.97
4.25,0.5,239.92
4.25,0.5,239.87
4.25,0.5,239.82
4.25,0.5,239.64
4.25,0.5,239.09
4.25,0.5,238.04
4.25,0.5,236.49
4.25,0.5,234.44
4.25,0.5,231.89
4.25,0.5,228.84
4.25,0.5,225.29
4.35,0.5,241.75
4.35,0.5,241.7
4.35,0.5,241.65
4.35,0.5,241.6
4.35,0.5,241.55
4.35,0.5,241.5
4.35,0.5,241.45
4.35,0.5,241.4
4.35,0.5,241.35
4.35,0.5,241.3
4.35,0.5,241.25
4.35,0.5,241.2
4.35,0.5,241.15
4.35,0.5,241.1
4.35,0.5,241.05
4.35,0.5,241
4.35,0.5,240.95
4.35,0.5,240.9
4.35,0.5,240.85
4.35,0.5,240.8
4.35,0.5,240.75
4.35,0.5,240.7
4.35,0.5,240.65
4.35,0.5,240.6
4.35,0.5,240.55
4.35,0.5,240.5
4.35,0.5,240.45
4.35,0.5,240.4
4.35,0.5,240.35
4.35,0.5,240.3
4.35,0.5,240.25
4.35,0.5,240.2
4.35,0.5,240.15
4.35,0.5,240.1
4.35,0.5,240.05
4.35,0.5,240
4.45,0.5,241.74
4.45,0.5,241.69
4.45,0.5,241.64
4.45,0.5,241.59
4.45,0.5,241.54
4.45,0.5,241.49
4.45,0.5,241.44
4.45,0.5,241.39
4.45,0.5,241.34
4.45,0.5,241.29
4.45,0.5,241.24
4.45,0.5,241.19
4.45,0.5,241.14
4.45,0.5,241.09
4.45,0.5,241.04
4.45,0.5,240.99
4.45,0.5,240.94
4.45,0.5,240.89
4.45,0.5,240.84
4.45,0.5,240.79
4.45,0.5,240.74
4.45,0.5,240.69
4.45,0.5,240.64
4.45,0.5,240.59
4.45,0.5,240.54
4.45,0.5,240.49
4.45,0.5,240.44
4.45,0.5,240.39
4.45,0.5,240.34
4.45,0.5,240.29
4.45,0.5,240.24
4.45,0.5,240.19
4.45,0.5,240.14
4.45,0.5,240.09
4.45,0.5,240.04
4.45,0.5,239.99
4.35,0.5,239.95
4.35,0.5,239.9
4.35,0.5,239.85
4.35,0.5,239.8
4.35,0.5,239.63
4.35,0.5,239.08
4.35,0.5,238.03
4.35,0.5,236.48
4.35,0.5,234.43
4.35,0.5,231.88
4.35,0.5,228.83
4.35,0.5,225.28
4.45,0.5,239.94
4.45,0.5,239.89
4.45,0.5,239.84
4.45,0.5,239.79
4.45,0.5,239.61
4.45,0.5,239.06
4.45,0.5,238.01
4.45,0.5,236.46
4.45,0.5,234.41
4.45,0.5,231.86
4.45,0.5,228.81
4.45,0.5,225.26
4.55,0.5,241.72
4.55,0.5,241.67
4.55,0.5,241.62
4.55,0.5,241.57
4.55,0.5,241.52
4.55,0.5,241.47
4.55,0.5,241.42
4.55,0.5,241.37
4.55,0.5,241.32
4.55,0.5,241.27
4.55,0.5,241.22
4.55,0.5,241.17
4.55,0.5,241.12
4.55,0.5,241.07
4.55,0.5,241.02
4.55,0.5,240.97
4.55,0.5,240.92
4.55,0.5,240.87
4.55,0.5,240.82
4.55,0.5,240.77
4.55,0.5,240.72
4.55,0.5,240.67
4.55,0.5,240.62
4.55,0.5,240.57
4.55,0.5,240.52
4.55,0.5,240.47
4.55,0.5,240.42
4.55,0.5,240.37
4.55,0.5,240.32
4.55,0.5,240.27
4.55,0.5,240.22
4.55,0.5,240.17
4.55,0.5,240.12
4.55,0.5,240.07
4.55,0.5,240.02
4.55,0.5,239.97
4.65,0.5,241.71
4.65,0.5,241.66
4.65,0.5,241.61
4.65,0.5,241.56
4.65,0.5,241.51
4.65,0.5,241.46
4.65,0.5,241.41
4.65,0.5,241.36
4.65,0.5,241.31
4.65,0.5,241.26
4.65,0.5,241.21
4.65,0.5,241.16
4.65,0.5,241.11
4.65,0.5,241.06
4.65,0.5,241.01
4.65,0.5,240.96
4.65,0.5,240.91
4.65,0.5,240.86
4.65,0.5,240.81
4.65,0.5,240.76
4.65,0.5,240.71
4.65,0.5,240.66
4.65,0.5,240.61
4.65,0.5,240.56
4.65,0.5,240.51
4.65,0.5,240.46
4.65,0.5,240.41
4.65,0.5,240.36
4.65,0.5,240.31
4.65,0.5,240.26
4.65,0.5,240.21
4.65,0.5,240.16
4.65,0.5,240.11
4.65,0.5,240.06
4.65,0.5,240.01
4.65,0.5,239.96
4.55,0.5,239.92
4.55,0.5,239.87
4.55,0.5,239.82
4.55,0.5,239.77
4.55,0.5,239.6
4.55,0.5,239.05
4.55,0.5,238
4.55,0.5,236.45
4.55,0.5,234.4
4.55,0.5,231.85
4.55,0.5,228.8
4.55,0.5,225.25
4.65,0.5,239.91
4.65,0.5,239.86
4.65,0.5,239.81
4.65,0.5,239.76
4.65,0.5,239.58
4.65,0.5,239.03
4.65,0.5,237.98
4.65,0.5,236.43
4.65,0.5,234.38
4.65,0.5,231.83
4.65,0.5,228.78
4.65,0.5,225.23
4.75,0.5,241.69
4.75,0.5,241.64
4.75,0.5,241.59
4.75,0.5,241.54
4.75,0.5,241.49
4.75,0.5,241.44
4.75,0.5,241.39
4.75,0.5,241.34
4.75,0.5,241.29
4.75,0.5,241.24
4.75,0.5,241.19
4.75,0.5,241.14
4.75,0.5,241.09
4.75,0.5,241.04
4.75,0.5,240.99
4.75,0.5,240.94
4.75,0.5,240.89
4.75,0.5,240.84
4.75,0.5,240.79
4.75,0.5,240.74
4.75,0.5,240.69
4.75,0.5,240.64
4.75,0.5,240.59
4.75,0.5,240.54
4.75,0.5,240.49
4.75,0.5,240.44
4.75,0.5,240.39
4.75,0.5,240.34
4.75,0.5,240.29
4.75,0.5,240.24
4.75,0.5,240.19
4.75,0.5,240.14
4.75,0.5,240.09
4.75,0.5,240.04
4.75,0.5,239.99
4.75,0.5,239.94
4.75,0.5,239.89
4.75,0.5,239.84
4.75,0.5,239.79
4.75,0.5,239.74
4.75,0.5,239.56
4.75,0.5,239.01
4.75,0.5,237.96
4.75,0.5,236.41
4.75,0.5,234.36
4.75,0.5,231.81
4.75,0.5,228.76
4.75,0.5,225.21
4.85,0.5,241.66
4.85,0.5,241.61
4.85,0.5,241.56
4.85,0.5,241.51
4.85,0.5,241.46
4.85,0.5,241.41
4.85,0.5,241.36
4.85,0.5,241.31
4.85,0.5,241.26
4.85,0.5,241.21
4.85,0.5,241.16
4.85,0.5,241.11
4.85,0.5,241.06
4.85,0.5,241.01
4.85,0.5,240.96
4.85,0.5,240.91
4.85,0.5,240.86
4.85,0.5,240.81
4.85,0.5,240.76
4.85,0.5,240.71
4.85,0.5,240.66
4.85,0.5,240.61
4.85,0.5,240.56
4.85,0.5,240.51
4.85,0.5,240.46
4.85,0.5,240.41
4.85,0.5,240.36
4.85,0.5,240.31
4.85,0.5,240.26
4.85,0.5,240.21
4.85,0.5,240.16
4.85,0.5,240.11
4.85,0.5,240.06
4.85,0.5,240.01
4.85,0.5,239.96
4.85,0.5,239.91
4.95,0.5,241.64
4.95,0.5,241.59
4.95,0.5,241.54
4.95,0.5,241.49
4.95,0.5,241.44
4.95,0.5,241.39
4.95,0.5,241.34
4.95,0.5,241.29
4.95,0.5,241.24
4.95,0.5,241.19
4.95,0.5,241.14
4.95,0.5,241.09
4.95,0.5,241.04
4.95,0.5,240.99
4.95,0.5,240.94
4.95,0.5,240.89
4.95,0.5,240.84
4.95,0.5,240.79
4.95,0.5,240.74
4.95,0.5,240.69
4.95,0.5,240.64
4.95,0.5,240.59
4.95,0.5,240.54
4.95,0.5,240.49
4.95,0.5,240.44
4.95,0.5,240.39
4.95,0.5,240.34
4.95,0.5,240.29
4.95,0.5,240.24
4.95,0.5,240.19
4.95,0.5,240.14
4.95,0.5,240.09
4.95,0.5,240.04
4.95,0.5,239.99
4.95,0.5,239.94
4.95,0.5,239.89
4.85,0.5,239.86
4.85,0.5,239.81
4.85,0.5,239.76
4.85,0.5,239.71
4.85,0.5,239.54
4.85,0.5,238.99
4.85,0.5,237.94
4.85,0.5,236.39
4.85,0.5,234.34
4.85,0.5,231.79
4.85,0.5,228.74
4.85,0.5,225.19
4.95,0.5,239.84
4.95,0.5,239.79
4.95,0.5,239.74
4.95,0.5,239.69
4.95,0.5,239.51
4.95,0.5,238.96
4.95,0.5,237.91
4.95,0.5,236.36
4.95,0.5,234.31
4.95,0.5,231.76
4.95,0.5,228.71
4.95,0.5,225.16
5.05,0.5,241.62
5.05,0.5,241.57
5.05,0.5,241.52
5.05,0.5,241.47
5.05,0.5,241.42
5.05,0.5,241.37
5.05,0.5,241.32
5.05,0.5,241.27
5.05,0.5,241.22
5.05,0.5,241.17
5.05,0.5,241.12
5.05,0.5,241.07
5.05,0.5,241.02
5.05,0.5,240.97
5.05,0.5,240.92
5.05,0.5,240.87
5.05,0.5,240.82
5.05,0.5,240.77
5.05,0.5,240.72
5.05,0.5,240.67
5.05,0.5,240.62
5.05,0.5,240.57
5.05,0.5,240.52
5.05,0.5,240.47
5.05,0.5,240.42
5.05,0.5,240.37
5.05,0.5,240.32
5.05,0.5,240.27
5.05,0.5,240.22
5.05,0.5,240.17
5.05,0.5,240.12
5.05,0.5,240.07
5.05,0.5,240.02
5.05,0.5,239.97
5.05,0.5,239.92
5.05,0.5,239.87
5.15,0.5,241.59
5.15,0.5,241.54
5.15,0.5,241.49
5.15,0.5,241.44
5.15,0.5,241.39
5.15,0.5,241.34
5.15,0.5,241.29
5.15,0.5,241.24
5.15,0.5,241.19
5.15,0.5,241.14
5.15,0.5,241.09
5.15,0.5,241.04
5.15,0.5,240.99
5.15,0.5,240.94
5.15,0.5,240.89
5.15,0.5,240.84
5.15,0.5,240.79
5.15,0.5,240.74
5.15,0.5,240.69
5.15,0.5,240.64
5.15,0.5,240.59
5.15,0.5,240.54
5.15,0.5,240.49
5.15,0.5,240.44
5.15,0.5,240.39
5.15,0.5,240.34
5.15,0.5,240.29
5.15,0.5,240.24
5.15,0.5,240.19
5.15,0.5,240.14
5.15,0.5,240.09
5.15,0.5,240.04
5.15,0.5,239.99
5.15,0.5,239.94
5.15,0.5,239.89
5.15,0.5,239.84
5.05,0.5,239.82
5.05,0.5,239.77
5.05,0.5,239.72
5.05,0.5,239.67
5.05,0.5,239.49
5.05,0.5,238.94
5.05,0.5,237.89
5.05,0.5,236.34
5.05,0.5,234.29
5.05,0.5,231.74
5.05,0.5,228.69
5.05,0.5,225.14
5.15,0.5,239.79
5.15,0.5,239.74
5.15,0.5,239.69
5.15,0.5,239.64
5.15,0.5,239.47
5.15,0.5,238.92
5.15,0.5,237.87
5.15,0.5,236.32
5.15,0.5,234.27
5.15,0.5,231.72
5.15,0.5,228.67
5.15,0.5,225.12
5.25,0.5,241.57
5.25,0.5,241.52
5.25,0.5,241.47
5.25,0.5,241.42
5.25,0.5,241.37
5.25,0.5,241.32
5.25,0.5,241.27
5.25,0.5,241.22
5.25,0.5,241.17
5.25,0.5,241.12
5.25,0.5,241.07
5.25,0.5,241.02
5.25,0.5,240.97
5.25,0.5,240.92
5.25,0.5,240.87
5.25,0.5,240.82
5.25,0.5,240.77
5.25,0.5,240.72
5.25,0.5,240.67
5.25,0.5,240.62
5.25,0.5,240.57
5.25,0.5,240.52
5.25,0.5,240.47
5.25,0.5,240.42
5.25,0.5,240.37
5.25,0.5,240.32
5.25,0.5,240.27
5.25,0.5,240.22
5.25,0.5,240.17
5.25,0.5,240.12
5.25,0.5,240.07
5.25,0.5,240.02
5.25,0.5,239.97
5.25,0.5,239.92
5.25,0.5,239.87
5.25,0.5,239.82
5.35,0.5,241.55
5.35,0.5,241.5
5.35,0.5,241.45
5.35,0.5,241.4
5.35,0.5,241.35
5.35,0.5,241.3
5.35,0.5,241.25
5.35,0.5,241.2
5.35,0.5,241.15
5.35,0.5,241.1
5.35,0.5,241.05
5.35,0.5,241
5.35,0.5,240.95
5.35,0.5,240.9
5.35,0.5,240.85
5.35,0.5,240.8
5.35,0.5,240.75
5.35,0.5,240.7
5.35,0.5,240.65
5.35,0.5,240.6
5.35,0.5,240.55
5.35,0.5,240.5
5.35,0.5,240.45
5.35,0.5,240.4
5.35,0.5,240.35
5.35,0.5,240.3
5.35,0.5,240.25
5.35,0.5,240.2
5.35,0.5,240.15
5.35,0.5,240.1
5.35,0.5,240.05
5.35,0.5,240
5.35,0.5,239.95
5.35,0.5,239.9
5.35,0.5,239.85
5.35,0.5,239.8
5.25,0.5,239.77
5.25,0.5,239.72
5.25,0.5,239.67
5.25,0.5,239.62
5.25,0.5,239.45
5.25,0.5,238.9
5.25,0.5,237.85
5.25,0.5,236.3
5.25,0.5,234.25
5.25,0.5,231.7
5.25,0.5,228.65
5.25,0.5,225.1
5.35,0.5,239.75
5.35,0.5,239.7
5.35,0.5,239.65
5.35,0.5,239.6
5.35,0.5,239.42
5.35,0.5,238.87
5.35,0.5,237.82
5.35,0.5,236.27
5.35,0.5,234.22
5.35,0.5,231.67
5.35,0.5,228.62
5.35,0.5,225.07
5.45,0.5,241.53
5.45,0.5,241.48
5.45,0.5,241.43
5.45,0.5,241.38
5.45,0.5,241.33
5.45,0.5,241.28
5.45,0.5,241.23
5.45,0.5,241.18
5.45,0.5,241.13
5.45,0.5,241.08
5.45,0.5,241.03
5.45,0.5,240.98
5.45,0.5,240.93
5.45,0.5,240.88
5.45,0.5,240.83
5.45,0.5,240.78
5.45,0.5,240.73
5.45,0.5,240.68
5.45,0.5,240.63
5.45,0.5,240.58
5.45,0.5,240.53
5.45,0.5,240.48
5.45,0.5,240.43
5.45,0.5,240.38
5.45,0.5,240.33
5.45,0.5,240.28
5.45,0.5,240.23
5.45,0.5,240.18
5.45,0.5,240.13
5.45,0.5,240.08
5.45,0.5,240.03
5.45,0.5,239.98
5.45,0.5,239.93
5.45,0.5,239.88
5.45,0.5,239.83
5.45,0.5,239.78
5.55,0.5,241.5
5.55,0.5,241.45
5.55,0.5,241.4
5.55,0.5,241.35
5.55,0.5,241.3
5.55,0.5,241.25
5.55,0.5,241.2
5.55,0.5,241.15
5.55,0.5,241.1
5.55,0.5,241.05
5.55,0.5,241
5.55,0.5,240.95
5.55,0.5,240.9
5.55,0.5,240.85
5.55,0.5,240.8
5.55,0.5,240.75
5.55,0.5,240.7
5.55,0.5,240.65
5.55,0.5,240.6
5.55,0.5,240.55
5.55,0.5,240.5
5.55,0.5,240.45
5.55,0.5,240.4
5.55,0.5,240.35
5.55,0.5,240.3
5.55,0.5,240.25
5.55,0.5,240.2
5.55,0.5,240.15
5.55,0.5,240.1
5.55,0.5,240.05
5.55,0.5,240
5.55,0.5,239.95
5.55,0.5,239.9
5.55,0.5,239.85
5.55,0.5,239.8
5.55,0.5,239.75
5.45,0.5,239.73
5.45,0.5,239.68
5.45,0.5,239.63
5.45,0.5,239.58
5.45,0.5,239.4
5.45,0.5,238.85
5.45,0.5,237.8
5.45,0.5,236.25
5.45,0.5,234.2
5.45,0.5,231.65
5.45,0.5,228.6
5.45,0.5,225.05
5.55,0.5,239.7
5.55,0.5,239.65
5.55,0.5,239.6
5.55,0.5,239.55
5.55,0.5,239.38
5.55,0.5,238.83
5.55,0.5,237.78
5.55,0.5,236.23
5.55,0.5,234.18
5.55,0.5,231.63
5.55,0.5,228.58
5.55,0.5,225.03
5.65,0.5,241.48
5.65,0.5,241.43
5.65,0.5,241.38
5.65,0.5,241.33
5.65,0.5,241.28
5.65,0.5,241.23
5.65,0.5,241.18
5.65,0.5,241.13
5.65,0.5,241.08
5.65,0.5,241.03
5.65,0.5,240.98
5.65,0.5,240.93
5.65,0.5,240.88
5.65,0.5,240.83
5.65,0.5,240.78
5.65,0.5,240.73
5.65,0.5,240.68
5.65,0.5,240.63
5.65,0.5,240.58
5.65,0.5,240.53
5.65,0.5,240.48
5.65,0.5,240.43
5.65,0.5,240.38
5.65,0.5,240.33
5.65,0.5,240.28
5.65,0.5,240.23
5.65,0.5,240.18
5.65,0.5,240.13
5.65,0.5,240.08
5.65,0.5,240.03
5.65,0.5,239.98
5.65,0.5,239.93
5.65,0.5,239.88
5.65,0.5,239.83
5.65,0.5,239.78
5.65,0.5,239.73
5.75,0.5,241.46
5.75,0.5,241.41
5.75,0.5,241.36
5.75,0.5,241.31
5.75,0.5,241.26
5.75,0.5,241.21
5.75,0.5,241.16
5.75,0.5,241.11
5.75,0.5,241.06
5.75,0.5,241.01
5.75,0.5,240.96
5.75,0.5,240.91
5.75,0.5,240.86
5.75,0.5,240.81
5.75,0.5,240.76
5.75,0.5,240.71
5.75,0.5,240.66
5.75,0.5,240.61
5.75,0.5,240.56
5.75,0.5,240.51
5.75,0.5,240.46
5.75,0.5,240.41
5.75,0.5,240.36
5.75,0.5,240.31
5.75,0.5,240.26
5.75,0.5,240.21
5.75,0.5,240.16
5.75,0.5,240.11
5.75,0.5,240.06
5.75,0.5,240.01
5.75,0.5,239.96
5.75,0.5,239.91
5.75,0.5,239.86
5.75,0.5,239.81
5.75,0.5,239.76
5.75,0.5,239.71
5.65,0.5,239.68
5.65,0.5,239.63
5.65,0.5,239.58
5.65,0.5,239.53
5.65,0.5,239.36
5.65,0.5,238.81
5.65,0.5,237.76
5.65,0.5,236.21
5.65,0.5,234.16
5.65,0.5,231.61
5.65,0.5,228.56
5.65,0.5,225.01
5.75,0.5,239.66
5.75,0.5,239.61
5.75,0.5,239.56
5.75,0.5,239.51
5.75,0.5,239.34
5.75,0.5,238.79
5.75,0.5,237.74
5.75,0.5,236.19
5.75,0.5,234.14
5.75,0.5,231.59
5.75,0.5,228.54
5.75,0.5,224.99
5.85,0.5,241.44
5.85,0.5,241.39
5.85,0.5,241.34
5.85,0.5,241.29
5.85,0.5,241.24
5.85,0.5,241.19
5.85,0.5,241.14
5.85,0.5,241.09
5.85,0.5,241.04
5.85,0.5,240.99
5.85,0.5,240.94
5.85,0.5,240.89
5.85,0.5,240.84
5.85,0.5,240.79
5.85,0.5,240.74
5.85,0.5,240.69
5.85,0.5,240.64
5.85,0.5,240.59
5.85,0.5,240.54
5.85,0.5,240.49
5.85,0.5,240.44
5.85,0.5,240.39
5.85,0.5,240.34
5.85,0.5,240.29
5.85,0.5,240.24
5.85,0.5,240.19
5.85,0.5,240.14
5.85,0.5,240.09
5.85,0.5,240.04
5.85,0.5,239.99
5.85,0.5,239.94
5.85,0.5,239.89
5.85,0.5,239.84
5.85,0.5,239.79
5.85,0.5,239.74
5.85,0.5,239.69
5.95,0.5,241.43
5.95,0.5,241.38
5.95,0.5,241.33
5.95,0.5,241.28
5.95,0.5,241.23
5.95,0.5,241.18
5.95,0.5,241.13
5.95,0.5,241.08
5.95,0.5,241.03
5.95,0.5,240.98
5.95,0.5,240.93
5.95,0.5,240.88
5.95,0.5,240.83
5.95,0.5,240.78
5.95,0.5,240.73
5.95,0.5,240.68
5.95,0.5,240.63
5.95,0.5,240.58
5.95,0.5,240.53
5.95,0.5,240.48
5.95,0.5,240.43
5.95,0.5,240.38
5.95,0.5,240.33
5.95,0.5,240.28
5.95,0.5,240.23
5.95,0.5,240.18
5.95,0.5,240.13
5.95,0.5,240.08
5.95,0.5,240.03
5.95,0.5,239.98
5.95,0.5,239.93
5.95,0.5,239.88
5.95,0.5,239.83
5.95,0.5,239.78
5.95,0.5,239.73
5.95,0.5,239.68
5.85,0.5,239.64
5.85,0.5,239.59
5.85,0.5,239.54
5.85,0.5,239.49
5.85,0.5,239.32
5.85,0.5,238.77
5.85,0.5,237.72
5.85,0.5,236.17
5.85,0.5,234.12
5.85,0.5,231.57
5.85,0.5,228.52
5.85,0.5,224.97
5.95,0.5,239.63
5.95,0.5,239.58
5.95,0.5,239.53
5.95,0.5,239.48
5.95,0.5,239.3
5.95,0.5,238.75
5.95,0.5,237.7
5.95,0.5,236.15
5.95,0.5,234.1
5.95,0.5,231.55
5.95,0.5,228.5
5.95,0.5,224.95
6.05,0.5,241.41
6.05,0.5,241.36
6.05,0.5,241.31
6.05,0.5,241.26
6.05,0.5,241.21
6.05,0.5,241.16
6.05,0.5,241.11
6.05,0.5,241.06
6.05,0.5,241.01
6.05,0.5,240.96
6.05,0.5,240.91
6.05,0.5,240.86
6.05,0.5,240.81
6.05,0.5,240.76
6.05,0.5,240.71
6.05,0.5,240.66
6.05,0.5,240.61
6.05,0.5,240.56
6.05,0.5,240.51
6.05,0.5,240.46
6.05,0.5,240.41
6.05,0.5,240.36
6.05,0.5,240.31
6.05,0.5,240.26
6.05,0.5,240.21
6.05,0.5,240.16
6.05,0.5,240.11
6.05,0.5,240.06
6.05,0.5,240.01
6.05,0.5,239.96
6.05,0.5,239.91
6.05,0.5,239.86
6.05,0.5,239.81
6.05,0.5,239.76
6.05,0.5,239.71
6.05,0.5,239.66
6.15,0.5,241.39
6.15,0.5,241.34
6.15,0.5,241.29
6.15,0.5,241.24
6.15,0.5,241.19
6.15,0.5,241.14
6.15,0.5,241.09
6.15,0.5,241.04
6.15,0.5,240.99
6.15,0.5,240.94
6.15,0.5,240.89
6.15,0.5,240.84
6.15,0.5,240.79
6.15,0.5,240.74
6.15,0.5,240.69
6.15,0.5,240.64
6.15,0.5,240.59
6.15,0.5,240.54
6.15,0.5,240.49
6.15,0.5,240.44
6.15,0.5,240.39
6.15,0.5,240.34
6.15,0.5,240.29
6.15,0.5,240.24
6.15,0.5,240.19
6.15,0.5,240.14
6.15,0.5,240.09
6.15,0.5,240.04
6.15,0.5,239.99
6.15,0.5,239.94
6.15,0.5,239.89
6.15,0.5,239.84
6.15,0.5,239.79
6.15,0.5,239.74
6.15,0.5,239.69
6.15,0.5,239.64
6.05,0.5,239.61
6.05,0.5,239.56
6.05,0.5,239.51
6.05,0.5,239.46
6.05,0.5,239.28
6.05,0.5,238.73
6.05,0.5,237.68
6.05,0.5,236.13
6.05,0.5,234.08
6.05,0.5,231.53
6.05,0.5,228.48
6.05,0.5,224.93
6.15,0.5,239.59
6.15,0.5,239.54
6.15,0.5,239.49
6.15,0.5,239.44
6.15,0.5,239.26
6.15,0.5,238.71
6.15,0.5,237.66
6.15,0.5,236.11
6.15,0.5,234.06
6.15,0.5,231.51
6.15,0.5,228.46
6.15,0.5,224.91
6.25,0.5,241.37
6.25,0.5,241.32
6.25,0.5,241.27
6.25,0.5,241.22
6.25,0.5,241.17
6.25,0.5,241.12
6.25,0.5,241.07
6.25,0.5,241.02
6.25,0.5,240.97
6.25,0.5,240.92
6.25,0.5,240.87
6.25,0.5,240.82
6.25,0.5,240.77
6.25,0.5,240.72
6.25,0.5,240.67
6.25,0.5,240.62
6.25,0.5,240.57
6.25,0.5,240.52
6.25,0.5,240.47
6.25,0.5,240.42
6.25,0.5,240.37
6.25,0.5,240.32
6.25,0.5,240.27
6.25,0.5,240.22
6.25,0.5,240.17
6.25,0.5,240.12
6.25,0.5,240.07
6.25,0.5,240.02
6.25,0.5,239.97
6.25,0.5,239.92
6.25,0.5,239.87
6.25,0.5,239.82
6.25,0.5,239.77
6.25,0.5,239.72
6.25,0.5,239.67
6.25,0.5,239.62
6.35,0.5,241.35
6.35,0.5,241.3
6.35,0.5,241.25
6.35,0.5,241.2
6.35,0.5,241.15
6.35,0.5,241.1
6.35,0.5,241.05
6.35,0.5,241
6.35,0.5,240.95
6.35,0.5,240.9
6.35,0.5,240.85
6.35,0.5,240.8
6.35,0.5,240.75
6.35,0.5,240.7
6.35,0.5,240.65
6.35,0.5,240.6
6.35,0.5,240.55
6.35,0.5,240.5
6.35,0.5,240.45
6.35,0.5,240.4
6.35,0.5,240.35
6.35,0.5,240.3
6.35,0.5,240.25
6.35,0.5,240.2
6.35,0.5,240.15
6.35,0.5,240.1
6.35,0.5,240.05
6.35,0.5,240
6.35,0.5,239.95
6.35,0.5,239.9
6.35,0.5,239.85
6.35,0.5,239.8
6.35,0.5,239.75
6.35,0.5,239.7
6.35,0.5,239.65
6.35,0.5,239.6
6.25,0.5,239.57
6.25,0.5,239.52
6.25,0.5,239.47
6.25,0.5,239.42
6.25,0.5,239.24
6.25,0.5,238.69
6.25,0.5,237.64
6.25,0.5,236.09
6.25,0.5,234.04
6.25,0.5,231.49
6.25,0.5,228.44
6.25,0.5,224.89
6.35,0.5,239.55
6.35,0.5,239.5
6.35,0.5,239.45
6.35,0.5,239.4
6.35,0.5,239.22
6.35,0.5,238.67
6.35,0.5,237.62
6.35,0.5,236.07
6.35,0.5,234.02
6.35,0.5,231.47
6.35,0.5,228.42
6.35,0.5,224.87
6.45,0.5,241.33
6.45,0.5,241.28
6.45,0.5,241.23
6.45,0.5,241.18
6.45,0.5,241.13
6.45,0.5,241.08
6.45,0.5,241.03
6.45,0.5,240.98
6.45,0.5,240.93
6.45,0.5,240.88
6.45,0.5,240.83
6.45,0.5,240.78
6.45,0.5,240.73
6.45,0.5,240.68
6.45,0.5,240.63
6.45,0.5,240.58
6.45,0.5,240.53
6.45,0.5,240.48
6.45,0.5,240.43
6.45,0.5,240.38
6.45,0.5,240.33
6.45,0.5,240.28
6.45,0.5,240.23
6.45,0.5,240.18
6.45,0.5,240.13
6.45,0.5,240.08
6.45,0.5,240.03
6.45,0.5,239.98
6.45,0.5,239.93
6.45,0.5,239.88
6.45,0.5,239.83
6.45,0.5,239.78
6.45,0.5,239.73
6.45,0.5,239.68
6.45,0.5,239.63
6.45,0.5,239.58
6.55,0.5,241.31
6.55,0.5,241.26
6.55,0.5,241.21
6.55,0.5,241.16
6.55,0.5,241.11
6.55,0.5,241.06
6.55,0.5,241.01
6.55,0.5,240.96
6.55,0.5,240.91
6.55,0.5,240.86
6.55,0.5,240.81
6.55,0.5,240.76
6.55,0.5,240.71
6.55,0.5,240.66
6.55,0.5,240.61
6.55,0.5,240.56
6.55,0.5,240.51
6.55,0.5,240.46
6.55,0.5,240.41
6.55,0.5,240.36
6.55,0.5,240.31
6.55,0.5,240.26
6.55,0.5,240.21
6.55,0.5,240.16
6.55,0.5,240.11
6.55,0.5,240.06
6.55,0.5,240.01
6.55,0.5,239.96
6.55,0.5,239.91
6.55,0.5,239.86
6.55,0.5,239.81
6.55,0.5,239.76
6.55,0.5,239.71
6.55,0.5,239.66
6.55,0.5,239.61
6.55,0.5,239.56
6.45,0.5,239.53
6.45,0.5,239.48
6.45,0.5,239.43
6.45,0.5,239.38
6.45,0.5,239.2
6.45,0.5,238.65
6.45,0.5,237.6
6.45,0.5,236.05
6.45,0.5,234
6.45,0.5,231.45
6.45,0.5,228.4
6.45,0.5,224.85
6.55,0.5,239.51
6.55,0.5,239.46
6.55,0.5,239.41
6.55,0.5,239.36
6.55,0.5,239.19
6.55,0.5,238.64
6.55,0.5,237.59
6.55,0.5,236.04
6.55,0.5,233.99
6.55,0.5,231.44
6.55,0.5,228.39
6.55,0.5,224.84
6.65,0.5,241.3
6.65,0.5,241.25
6.65,0.5,241.2
6.65,0.5,241.15
6.65,0.5,241.1
6.65,0.5,241.05
6.65,0.5,241
6.65,0.5,240.95
6.65,0.5,240.9
6.65,0.5,240.85
6.65,0.5,240.8
6.65,0.5,240.75
6.65,0.5,240.7
6.65,0.5,240.65
6.65,0.5,240.6
6.65,0.5,240.55
6.65,0.5,240.5
6.65,0.5,240.45
6.65,0.5,240.4
6.65,0.5,240.35
6.65,0.5,240.3
6.65,0.5,240.25
6.65,0.5,240.2
6.65,0.5,240.15
6.65,0.5,240.1
6.65,0.5,240.05
6.65,0.5,240
6.65,0.5,239.95
6.65,0.5,239.9
6.65,0.5,239.85
6.65,0.5,239.8
6.65,0.5,239.75
6.65,0.5,239.7
6.65,0.5,239.65
6.65,0.5,239.6
6.65,0.5,239.55
6.65,0.5,239.5
6.65,0.5,239.45
6.65,0.5,239.4
6.65,0.5,239.35
6.65,0.5,239.17
6.65,0.5,238.62
6.65,0.5,237.57
6.65,0.5,236.02
6.65,0.5,233.97
6.65,0.5,231.42
6.65,0.5,228.37
6.65,0.5,224.82
6.75,0.5,241.29
6.75,0.5,241.24
6.75,0.5,241.19
6.75,0.5,241.14
6.75,0.5,241.09
6.75,0.5,241.04
6.75,0.5,240.99
6.75,0.5,240.94
6.75,0.5,240.89
6.75,0.5,240.84
6.75,0.5,240.79
6.75,0.5,240.74
6.75,0.5,240.69
6.75,0.5,240.64
6.75,0.5,240.59
6.75,0.5,240.54
6.75,0.5,240.49
6.75,0.5,240.44
6.75,0.5,240.39
6.75,0.5,240.34
6.75,0.5,240.29
6.75,0.5,240.24
6.75,0.5,240.19
6.75,0.5,240.14
6.75,0.5,240.09
6.75,0.5,240.04
6.75,0.5,239.99
6.75,0.5,239.94
6.75,0.5,239.89
6.75,0.5,239.84
6.75,0.5,239.79
6.75,0.5,239.74
6.75,0.5,239.69
6.75,0.5,239.64
6.75,0.5,239.59
6.75,0.5,239.54
6.85,0.5,241.28
6.85,0.5,241.23
6.85,0.5,241.18
6.85,0.5,241.13
6.85,0.5,241.08
6.85,0.5,241.03
6.85,0.5,240.98
6.85,0.5,240.93
6.85,0.5,240.88
6.85,0.5,240.83
6.85,0.5,240.78
6.85,0.5,240.73
6.85,0.5,240.68
6.85,0.5,240.63
6.85,0.5,240.58
6.85,0.5,240.53
6.85,0.5,240.48
6.85,0.5,240.43
6.85,0.5,240.38
6.85,0.5,240.33
6.85,0.5,240.28
6.85,0.5,240.23
6.85,0.5,240.18
6.85,0.5,240.13
6.85,0.5,240.08
6.85,0.5,240.03
6.85,0.5,239.98
6.85,0.5,239.93
6.85,0.5,239.88
6.85,0.5,239.83
6.85,0.5,239.78
6.85,0.5,239.73
6.85,0.5,239.68
6.85,0.5,239.63
6.85,0.5,239.58
6.85,0.5,239.53
6.75,0.5,239.49
6.75,0.5,239.44
6.75,0.5,239.39
6.75,0.5,239.34
6.75,0.5,239.16
6.75,0.5,238.61
6.75,0.5,237.56
6.75,0.5,236.01
6.75,0.5,233.96
6.75,0.5,231.41
6.75,0.5,228.36
6.75,0.5,224.81
6.85,0.5,239.48
6.85,0.5,239.43
6.85,0.5,239.38
6.85,0.5,239.33
6.85,0.5,239.15
6.85,0.5,238.6
6.85,0.5,237.55
6.85,0.5,236
6.85,0.5,233.95
6.85,0.5,231.4
6.85,0.5,228.35
6.85,0.5,224.8
6.95,0.5,241.26
6.95,0.5,241.21
6.95,0.5,241.16
6.95,0.5,241.11
6.95,0.5,241.06
6.95,0.5,241.01
6.95,0.5,240.96
6.95,0.5,240.91
6.95,0.5,240.86
6.95,0.5,240.81
6.95,0.5,240.76
6.95,0.5,240.71
6.95,0.5,240.66
6.95,0.5,240.61
6.95,0.5,240.56
6.95,0.5,240.51
6.95,0.5,240.46
6.95,0.5,240.41
6.95,0.5,240.36
6.95,0.5,240.31
6.95,0.5,240.26
6.95,0.5,240.21
6.95,0.5,240.16
6.95,0.5,240.11
6.95,0.5,240.06
6.95,0.5,240.01
6.95,0.5,239.96
6.95,0.5,239.91
6.95,0.5,239.86
6.95,0.5,239.81
6.95,0.5,239.76
6.95,0.5,239.71
6.95,0.5,239.66
6.95,0.5,239.61
6.95,0.5,239.56
6.95,0.5,239.51
7.05,0.5,241.25
7.05,0.5,241.2
7.05,0.5,241.15
7.05,0.5,241.1
7.05,0.5,241.05
7.05,0.5,241
7.05,0.5,240.95
7.05,0.5,240.9
7.05,0.5,240.85
7.05,0.5,240.8
7.05,0.5,240.75
7.05,0.5,240.7
7.05,0.5,240.65
7.05,0.5,240.6
7.05,0.5,240.55
7.05,0.5,240.5
7.05,0.5,240.45
7.05,0.5,240.4
7.05,0.5,240.35
7.05,0.5,240.3
7.05,0.5,240.25
7.05,0.5,240.2
7.05,0.5,240.15
7.05,0.5,240.1
7.05,0.5,240.05
7.05,0.5,240
7.05,0.5,239.95
7.05,0.5,239.9
7.05,0.5,239.85
7.05,0.5,239.8
7.05,0.5,239.75
7.05,0.5,239.7
7.05,0.5,239.65
7.05,0.5,239.6
7.05,0.5,239.55
7.05,0.5,239.5
6.95,0.5,239.46
6.95,0.5,239.41
6.95,0.5,239.36
6.95,0.5,239.31
6.95,0.5,239.14
6.95,0.5,238.59
6.95,0.5,237.54
6.95,0.5,235.99
6.95,0.5,233.94
6.95,0.5,231.39
6.95,0.5,228.34
6.95,0.5,224.79
7.05,0.5,239.45
7.05,0.5,239.4
7.05,0.5,239.35
7.05,0.5,239.3
7.05,0.5,239.13
7.05,0.5,238.58
7.05,0.5,237.53
7.05,0.5,235.98
7.05,0.5,233.93
7.05,0.5,231.38
7.05,0.5,228.33
7.05,0.5,224.78
7.15,0.5,241.24
7.15,0.5,241.19
7.15,0.5,241.14
7.15,0.5,241.09
7.15,0.5,241.04
7.15,0.5,240.99
7.15,0.5,240.94
7.15,0.5,240.89
7.15,0.5,240.84
7.15,0.5,240.79
7.15,0.5,240.74
7.15,0.5,240.69
7.15,0.5,240.64
7.15,0.5,240.59
7.15,0.5,240.54
7.15,0.5,240.49
7.15,0.5,240.44
7.15,0.5,240.39
7.15,0.5,240.34
7.15,0.5,240.29
7.15,0.5,240.24
7.15,0.5,240.19
7.15,0.5,240.14
7.15,0.5,240.09
7.15,0.5,240.04
7.15,0.5,239.99
7.15,0.5,239.94
7.15,0.5,239.89
7.15,0.5,239.84
7.15,0.5,239.79
7.15,0.5,239.74
7.15,0.5,239.69
7.15,0.5,239.64
7.15,0.5,239.59
7.15,0.5,239.54
7.15,0.5,239.49
7.25,0.5,241.23
7.25,0.5,241.18
7.25,0.5,241.13
7.25,0.5,241.08
7.25,0.5,241.03
7.25,0.5,240.98
7.25,0.5,240.93
7.25,0.5,240.88
7.25,0.5,240.83
7.25,0.5,240.78
7.25,0.5,240.73
7.25,0.5,240.68
7.25,0.5,240.63
7.25,0.5,240.58
7.25,0.5,240.53
7.25,0.5,240.48
7.25,0.5,240.43
7.25,0.5,240.38
7.25,0.5,240.33
7.25,0.5,240.28
7.25,0.5,240.23
7.25,0.5,240.18
7.25,0.5,240.13
7.25,0.5,240.08
7.25,0.5,240.03
7.25,0.5,239.98
7.25,0.5,239.93
7.25,0.5,239.88
7.25,0.5,239.83
7.25,0.5,239.78
7.25,0.5,239.73
7.25,0.5,239.68
7.25,0.5,239.63
7.25,0.5,239.58
7.25,0.5,239.53
7.25,0.5,239.48
7.15,0.5,239.44
7.15,0.5,239.39
7.15,0.5,239.34
7.15,0.5,239.29
7.15,0.5,239.12
7.15,0.5,238.57
7.15,0.5,237.52
7.15,0.5,235.97
7.15,0.5,233.92
7.15,0.5,231.37
7.15,0.5,228.32
7.15,0.5,224.77
7.25,0.5,239.43
7.25,0.5,239.38
7.25,0.5,239.33
7.25,0.5,239.28
7.25,0.5,239.1
7.25,0.5,238.55
7.25,0.5,237.5
7.25,0.5,235.95
7.25,0.5,233.9
7.25,0.5,231.35
7.25,0.5,228.3
7.25,0.5,224.75
7.35,0.5,241.22
7.35,0.5,241.17
7.35,0.5,241.12
7.35,0.5,241.07
7.35,0.5,241.02
7.35,0.5,240.97
7.35,0.5,240.92
7.35,0.5,240.87
7.35,0.5,240.82
7.35,0.5,240.77
7.35,0.5,240.72
7.35,0.5,240.67
7.35,0.5,240.62
7.35,0.5,240.57
7.35,0.5,240.52
7.35,0.5,240.47
7.35,0.5,240.42
7.35,0.5,240.37
7.35,0.5,240.32
7.35,0.5,240.27
7.35,0.5,240.22
7.35,0.5,240.17
7.35,0.5,240.12
7.35,0.5,240.07
7.35,0.5,240.02
7.35,0.5,239.97
7.35,0.5,239.92
7.35,0.5,239.87
7.35,0.5,239.82
7.35,0.5,239.77
7.35,0.5,239.72
7.35,0.5,239.67
7.35,0.5,239.62
7.35,0.5,239.57
7.35,0.5,239.52
7.35,0.5,239.47
7.45,0.5,241.21
7.45,0.5,241.16
7.45,0.5,241.11
7.45,0.5,241.06
7.45,0.5,241.01
7.45,0.5,240.96
7.45,0.5,240.91
7.45,0.5,240.86
7.45,0.5,240.81
7.45,0.5,240.76
7.45,0.5,240.71
7.45,0.5,240.66
7.45,0.5,240.61
7.45,0.5,240.56
7.45,0.5,240.51
7.45,0.5,240.46
7.45,0.5,240.41
7.45,0.5,240.36
7.45,0.5,240.31
7.45,0.5,240.26
7.45,0.5,240.21
7.45,0.5,240.16
7.45,0.5,240.11
7.45,0.5,240.06
7.45,0.5,240.01
7.45,0.5,239.96
7.45,0.5,239.91
7.45,0.5,239.86
7.45,0.5,239.81
7.45,0.5,239.76
7.45,0.5,239.71
7.45,0.5,239.66
7.45,0.5,239.61
7.45,0.5,239.56
7.45,0.5,239.51
7.45,0.5,239.46
7.35,0.5,239.42
7.35,0.5,239.37
7.35,0.5,239.32
7.35,0.5,239.27
7.35,0.5,239.09
7.35,0.5,238.54
7.35,0.5,237.49
7.35,0.5,235.94
7.35,0.5,233.89
7.35,0.5,231.34
7.35,0.5,228.29
7.35,0.5,224.74
7.45,0.5,239.41
7.45,0.5,239.36
7.45,0.5,239.31
7.45,0.5,239.26
7.45,0.5,239.08
7.45,0.5,238.53
7.45,0.5,237.48
7.45,0.5,235.93
7.45,0.5,233.88
7.45,0.5,231.33
7.45,0.5,228.28
7.45,0.5,224.73
7.55,0.5,241.2
7.55,0.5,241.15
7.55,0.5,241.1
7.55,0.5,241.05
7.55,0.5,241
7.55,0.5,240.95
7.55,0.5,240.9
7.55,0.5,240.85
7.55,0.5,240.8
7.55,0.5,240.75
7.55,0.5,240.7
7.55,0.5,240.65
7.55,0.5,240.6
7.55,0.5,240.55
7.55,0.5,240.5
7.55,0.5,240.45
7.55,0.5,240.4
7.55,0.5,240.35
7.55,0.5,240.3
7.55,0.5,240.25
7.55,0.5,240.2
7.55,0.5,240.15
7.55,0.5,240.1
7.55,0.5,240.05
7.55,0.5,240
7.55,0.5,239.95
7.55,0.5,239.9
7.55,0.5,239.85
7.55,0.5,239.8
7.55,0.5,239.75
7.55,0.5,239.7
7.55,0.5,239.65
7.55,0.5,239.6
7.55,0.5,239.55
7.55,0.5,239.5
7.55,0.5,239.45
7.65,0.5,241.2
7.65,0.5,241.15
7.65,0.5,241.1
7.65,0.5,241.05
7.65,0.5,241
7.65,0.5,240.95
7.65,0.5,240.9
7.65,0.5,240.85
7.65,0.5,240.8
7.65,0.5,240.75
7.65,0.5,240.7
7.65,0.5,240.65
7.65,0.5,240.6
7.65,0.5,240.55
7.65,0.5,240.5
7.65,0.5,240.45
7.65,0.5,240.4
7.65,0.5,240.35
7.65,0.5,240.3
7.65,0.5,240.25
7.65,0.5,240.2
7.65,0.5,240.15
7.65,0.5,240.1
7.65,0.5,240.05
7.65,0.5,240
7.65,0.5,239.95
7.65,0.5,239.9
7.65,0.5,239.85
7.65,0.5,239.8
7.65,0.5,239.75
7.65,0.5,239.7
7.65,0.5,239.65
7.65,0.5,239.6
7.65,0.5,239.55
7.65,0.5,239.5
7.65,0.5,239.45
7.55,0.5,239.4
7.55,0.5,239.35
7.55,0.5,239.3
7.55,0.5,239.25
7.55,0.5,239.08
7.55,0.5,238.53
7.55,0.5,237.48
7.55,0.5,235.93
7.55,0.5,233.88
7.55,0.5,231.33
7.55,0.5,228.28
7.55,0.5,224.73
7.65,0.5,239.4
7.65,0.5,239.35
7.65,0.5,239.3
7.65,0.5,239.25
7.65,0.5,239.07
7.65,0.5,238.52
7.65,0.5,237.47
7.65,0.5,235.92
7.65,0.5,233.87
7.65,0.5,231.32
7.65,0.5,228.27
7.65,0.5,224.72
7.75,0.5,241.2
7.75,0.5,241.15
7.75,0.5,241.1
7.75,0.5,241.05
7.75,0.5,241
7.75,0.5,240.95
7.75,0.5,240.9
7.75,0.5,240.85
7.75,0.5,240.8
7.75,0.5,240.75
7.75,0.5,240.7
7.75,0.5,240.65
7.75,0.5,240.6
7.75,0.5,240.55
7.75,0.5,240.5
7.75,0.5,240.45
7.75,0.5,240.4
7.75,0.5,240.35
7.75,0.5,240.3
7.75,0.5,240.25
7.75,0.5,240.2
7.75,0.5,240.15
7.75,0.5,240.1
7.75,0.5,240.05
7.75,0.5,240
7.75,0.5,239.95
7.75,0.5,239.9
7.75,0.5,239.85
7.75,0.5,239.8
7.75,0.5,239.75
7.75,0.5,239.7
7.75,0.5,239.65
7.75,0.5,239.6
7.75,0.5,239.55
7.75,0.5,239.5
7.75,0.5,239.45
7.75,0.5,239.4
7.75,0.5,239.35
7.75,0.5,239.3
7.75,0.5,239.25
7.75,0.5,239.07
7.75,0.5,238.52
7.75,0.5,237.47
7.75,0.5,235.92
7.75,0.5,233.87
7.75,0.5,231.32
7.75,0.5,228.27
7.75,0.5,224.72
7.85,0.5,241.19
7.85,0.5,241.14
7.85,0.5,241.09
7.85,0.5,241.04
7.85,0.5,240.99
7.85,0.5,240.94
7.85,0.5,240.89
7.85,0.5,240.84
7.85,0.5,240.79
7.85,0.5,240.74
7.85,0.5,240.69
7.85,0.5,240.64
7.85,0.5,240.59
7.85,0.5,240.54
7.85,0.5,240.49
7.85,0.5,240.44
7.85,0.5,240.39
7.85,0.5,240.34
7.85,0.5,240.29
7.85,0.5,240.24
7.85,0.5,240.19
7.85,0.5,240.14
7.85,0.5,240.09
7.85,0.5,240.04
7.85,0.5,239.99
7.85,0.5,239.94
7.85,0.5,239.89
7.85,0.5,239.84
7.85,0.5,239.79
7.85,0.5,239.74
7.85,0.5,239.69
7.85,0.5,239.64
7.85,0.5,239.59
7.85,0.5,239.54
7.85,0.5,239.49
7.85,0.5,239.44
7.95,0.5,241.19
7.95,0.5,241.14
7.95,0.5,241.09
7.95,0.5,241.04
7.95,0.5,240.99
7.95,0.5,240.94
7.95,0.5,240.89
7.95,0.5,240.84
7.95,0.5,240.79
7.95,0.5,240.74
7.95,0.5,240.69
7.95,0.5,240.64
7.95,0.5,240.59
7.95,0.5,240.54
7.95,0.5,240.49
7.95,0.5,240.44
7.95,0.5,240.39
7.95,0.5,240.34
7.95,0.5,240.29
7.95,0.5,240.24
7.95,0.5,240.19
7.95,0.5,240.14
7.95,0.5,240.09
7.95,0.5,240.04
7.95,0.5,239.99
7.95,0.5,239.94
7.95,0.5,239.89
7.95,0.5,239.84
7.95,0.5,239.79
7.95,0.5,239.74
7.95,0.5,239.69
7.95,0.5,239.64
7.95,0.5,239.59
7.95,0.5,239.54
7.95,0.5,239.49
7.95,0.5,239.44
7.85,0.5,239.39
7.85,0.5,239.34
7.85,0.5,239.29
7.85,0.5,239.24
7.85,0.5,239.07
7.85,0.5,238.52
7.85,0.5,237.47
7.85,0.5,235.92
7.85,0.5,233.87
7.85,0.5,231.32
7.85,0.5,228.27
7.85,0.5,224.72
7.95,0.5,239.39
7.95,0.5,239.34
7.95,0.5,239.29
7.95,0.5,239.24
7.95,0.5,239.06
7.95,0.5,238.51
7.95,0.5,237.46
7.95,0.5,235.91
7.95,0.5,233.86
7.95,0.5,231.31
7.95,0.5,228.26
7.95,0.5,224.71
8.05,0.5,241.19
8.05,0.5,241.14
8.05,0.5,241.09
8.05,0.5,241.04
8.05,0.5,240.99
8.05,0.5,240.94
8.05,0.5,240.89
8.05,0.5,240.84
8.05,0.5,240.79
8.05,0.5,240.74
8.05,0.5,240.69
8.05,0.5,240.64
8.05,0.5,240.59
8.05,0.5,240.54
8.05,0.5,240.49
8.05,0.5,240.44
8.05,0.5,240.39
8.05,0.5,240.34
8.05,0.5,240.29
8.05,0.5,240.24
8.05,0.5,240.19
8.05,0.5,240.14
8.05,0.5,240.09
8.05,0.5,240.04
8.05,0.5,239.99
8.05,0.5,239.94
8.05,0.5,239.89
8.05,0.5,239.84
8.05,0.5,239.79
8.05,0.5,239.74
8.05,0.5,239.69
8.05,0.5,239.64
8.05,0.5,239.59
8.05,0.5,239.54
8.05,0.5,239.49
8.05,0.5,239.44
8.15,0.5,241.18
8.15,0.5,241.13
8.15,0.5,241.08
8.15,0.5,241.03
8.15,0.5,240.98
8.15,0.5,240.93
8.15,0.5,240.88
8.15,0.5,240.83
8.15,0.5,240.78
8.15,0.5,240.73
8.15,0.5,240.68
8.15,0.5,240.63
8.15,0.5,240.58
8.15,0.5,240.53
8.15,0.5,240.48
8.15,0.5,240.43
8.15,0.5,240.38
8.15,0.5,240.33
8.15,0.5,240.28
8.15,0.5,240.23
8.15,0.5,240.18
8.15,0.5,240.13
8.15,0.5,240.08
8.15,0.5,240.03
8.15,0.5,239.98
8.15,0.5,239.93
8.15,0.5,239.88
8.15,0.5,239.83
8.15,0.5,239.78
8.15,0.5,239.73
8.15,0.5,239.68
8.15,0.5,239.63
8.15,0.5,239.58
8.15,0.5,239.53
8.15,0.5,239.48
8.15,0.5,239.43
8.05,0.5,239.39
8.05,0.5,239.34
8.05,0.5,239.29
8.05,0.5,239.24
8.05,0.5,239.06
8.05,0.5,238.51
8.05,0.5,237.46
8.05,0.5,235.91
8.05,0.5,233.86
8.05,0.5,231.31
8.05,0.5,228.26
8.05,0.5,224.71
8.15,0.5,239.38
8.15,0.5,239.33
8.15,0.5,239.28
8.15,0.5,239.23
8.15,0.5,239.06
8.15,0.5,238.51
8.15,0.5,237.46
8.15,0.5,235.91
8.15,0.5,233.86
8.15,0.5,231.31
8.15,0.5,228.26
8.15,0.5,224.71
8.25,0.5,241.18
8.25,0.5,241.13
8.25,0.5,241.08
8.25,0.5,241.03
8.25,0.5,240.98
8.25,0.5,240.93
8.25,0.5,240.88
8.25,0.5,240.83
8.25,0.5,240.78
8.25,0.5,240.73
8.25,0.5,240.68
8.25,0.5,240.63
8.25,0.5,240.58
8.25,0.5,240.53
8.25,0.5,240.48
8.25,0.5,240.43
8.25,0.5,240.38
8.25,0.5,240.33
8.25,0.5,240.28
8.25,0.5,240.23
8.25,0.5,240.18
8.25,0.5,240.13
8.25,0.5,240.08
8.25,0.5,240.03
8.25,0.5,239.98
8.25,0.5,239.93
8.25,0.5,239.88
8.25,0.5,239.83
8.25,0.5,239.78
8.25,0.5,239.73
8.25,0.5,239.68
8.25,0.5,239.63
8.25,0.5,239.58
8.25,0.5,239.53
8.25,0.5,239.48
8.25,0.5,239.43
8.35,0.5,241.18
8.35,0.5,241.13
8.35,0.5,241.08
8.35,0.5,241.03
8.35,0.5,240.98
8.35,0.5,240.93
8.35,0.5,240.88
8.35,0.5,240.83
8.35,0.5,240.78
8.35,0.5,240.73
8.35,0.5,240.68
8.35,0.5,240.63
8.35,0.5,240.58
8.35,0.5,240.53
8.35,0.5,240.48
8.35,0.5,240.43
8.35,0.5,240.38
8.35,0.5,240.33
8.35,0.5,240.28
8.35,0.5,240.23
8.35,0.5,240.18
8.35,0.5,240.13
8.35,0.5,240.08
8.35,0.5,240.03
8.35,0.5,239.98
8.35,0.5,239.93
8.35,0.5,239.88
8.35,0.5,239.83
8.35,0.5,239.78
8.35,0.5,239.73
8.35,0.5,239.68
8.35,0.5,239.63
8.35,0.5,239.58
8.35,0.5,239.53
8.35,0.5,239.48
8.35,0.5,239.43
8.25,0.5,239.38
8.25,0.5,239.33
8.25,0.5,239.28
8.25,0.5,239.23
8.25,0.5,239.05
8.25,0.5,238.5
8.25,0.5,237.45
8.25,0.5,235.9
8.25,0.5,233.85
8.25,0.5,231.3
8.25,0.5,228.25
8.25,0.5,224.7
8.35,0.5,239.38
8.35,0.5,239.33
8.35,0.5,239.28
8.35,0.5,239.23
8.35,0.5,239.05
8.35,0.5,238.5
8.35,0.5,237.45
8.35,0.5,235.9
8.35,0.5,233.85
8.35,0.5,231.3
8.35,0.5,228.25
8.35,0.5,224.7
8.45,0.5,241.18
8.45,0.5,241.13
8.45,0.5,241.08
8.45,0.5,241.03
8.45,0.5,240.98
8.45,0.5,240.93
8.45,0.5,240.88
8.45,0.5,240.83
8.45,0.5,240.78
8.45,0.5,240.73
8.45,0.5,240.68
8.45,0.5,240.63
8.45,0.5,240.58
8.45,0.5,240.53
8.45,0.5,240.48
8.45,0.5,240.43
8.45,0.5,240.38
8.45,0.5,240.33
8.45,0.5,240.28
8.45,0.5,240.23
8.45,0.5,240.18
8.45,0.5,240.13
8.45,0.5,240.08
8.45,0.5,240.03
8.45,0.5,239.98
8.45,0.5,239.93
8.45,0.5,239.88
8.45,0.5,239.83
8.45,0.5,239.78
8.45,0.5,239.73
8.45,0.5,239.68
8.45,0.5,239.63
8.45,0.5,239.58
8.45,0.5,239.53
8.45,0.5,239.48
8.45,0.5,239.43
8.55,0.5,241.18
8.55,0.5,241.13
8.55,0.5,241.08
8.55,0.5,241.03
8.55,0.5,240.98
8.55,0.5,240.93
8.55,0.5,240.88
8.55,0.5,240.83
8.55,0.5,240.78
8.55,0.5,240.73
8.55,0.5,240.68
8.55,0.5,240.63
8.55,0.5,240.58
8.55,0.5,240.53
8.55,0.5,240.48
8.55,0.5,240.43
8.55,0.5,240.38
8.55,0.5,240.33
8.55,0.5,240.28
8.55,0.5,240.23
8.55,0.5,240.18
8.55,0.5,240.13
8.55,0.5,240.08
8.55,0.5,240.03
8.55,0.5,239.98
8.55,0.5,239.93
8.55,0.5,239.88
8.55,0.5,239.83
8.55,0.5,239.78
8.55,0.5,239.73
8.55,0.5,239.68
8.55,0.5,239.63
8.55,0.5,239.58
8.55,0.5,239.53
8.55,0.5,239.48
8.55,0.5,239.43
8.45,0.5,239.38
8.45,0.5,239.33
8.45,0.5,239.28
8.45,0.5,239.23
8.45,0.5,239.05
8.45,0.5,238.5
8.45,0.5,237.45
8.45,0.5,235.9
8.45,0.5,233.85
8.45,0.5,231.3
8.45,0.5,228.25
8.45,0.5,224.7
8.55,0.5,239.38
8.55,0.5,239.33
8.55,0.5,239.28
8.55,0.5,239.23
8.55,0.5,239.05
8.55,0.5,238.5
8.55,0.5,237.45
8.55,0.5,235.9
8.55,0.5,233.85
8.55,0.5,231.3
8.55,0.5,228.25
8.55,0.5,224.7
8.65,0.5,241.18
8.65,0.5,241.13
8.65,0.5,241.08
8.65,0.5,241.03
8.65,0.5,240.98
8.65,0.5,240.93
8.65,0.5,240.88
8.65,0.5,240.83
8.65,0.5,240.78
8.65,0.5,240.73
8.65,0.5,240.68
8.65,0.5,240.63
8.65,0.5,240.58
8.65,0.5,240.53
8.65,0.5,240.48
8.65,0.5,240.43
8.65,0.5,240.38
8.65,0.5,240.33
8.65,0.5,240.28
8.65,0.5,240.23
8.65,0.5,240.18
8.65,0.5,240.13
8.65,0.5,240.08
8.65,0.5,240.03
8.65,0.5,239.98
8.65,0.5,239.93
8.65,0.5,239.88
8.65,0.5,239.83
8.65,0.5,239.78
8.65,0.5,239.73
8.65,0.5,239.68
8.65,0.5,239.63
8.65,0.5,239.58
8.65,0.5,239.53
8.65,0.5,239.48
8.65,0.5,239.43
8.75,0.5,241.18
8.75,0.5,241.13
8.75,0.5,241.08
8.75,0.5,241.03
8.75,0.5,240.98
8.75,0.5,240.93
8.75,0.5,240.88
8.75,0.5,240.83
8.75,0.5,240.78
8.75,0.5,240.73
8.75,0.5,240.68
8.75,0.5,240.63
8.75,0.5,240.58
8.75,0.5,240.53
8.75,0.5,240.48
8.75,0.5,240.43
8.75,0.5,240.38
8.75,0.5,240.33
8.75,0.5,240.28
8.75,0.5,240.23
8.75,0.5,240.18
8.75,0.5,240.13
8.75,0.5,240.08
8.75,0.5,240.03
8.75,0.5,239.98
8.75,0.5,239.93
8.75,0.5,239.88
8.75,0.5,239.83
8.75,0.5,239.78
8.75,0.5,239.73
8.75,0.5,239.68
8.75,0.5,239.63
8.75,0.5,239.58
8.75,0.5,239.53
8.75,0.5,239.48
8.75,0.5,239.43
8.65,0.5,239.38
8.65,0.5,239.33
8.65,0.5,239.28
8.65,0.5,239.23
8.65,0.5,239.05
8.65,0.5,238.5
8.65,0.5,237.45
8.65,0.5,235.9
8.65,0.5,233.85
8.65,0.5,231.3
8.65,0.5,228.25
8.65,0.5,224.7
8.75,0.5,239.38
8.75,0.5,239.33
8.75,0.5,239.28
8.75,0.5,239.23
8.75,0.5,239.06
8.75,0.5,238.51
8.75,0.5,237.46
8.75,0.5,235.91
8.75,0.5,233.86
8.75,0.5,231.31
8.75,0.5,228.26
8.75,0.5,224.71
8.85,0.5,241.18
8.85,0.5,241.13
8.85,0.5,241.08
8.85,0.5,241.03
8.85,0.5,240.98
8.85,0.5,240.93
8.85,0.5,240.88
8.85,0.5,240.83
8.85,0.5,240.78
8.85,0.5,240.73
8.85,0.5,240.68
8.85,0.5,240.63
8.85,0.5,240.58
8.85,0.5,240.53
8.85,0.5,240.48
8.85,0.5,240.43
8.85,0.5,240.38
8.85,0.5,240.33
8.85,0.5,240.28
8.85,0.5,240.23
8.85,0.5,240.18
8.85,0.5,240.13
8.85,0.5,240.08
8.85,0.5,240.03
8.85,0.5,239.98
8.85,0.5,239.93
8.85,0.5,239.88
8.85,0.5,239.83
8.85,0.5,239.78
8.85,0.5,239.73
8.85,0.5,239.68
8.85,0.5,239.63
8.85,0.5,239.58
8.85,0.5,239.53
8.85,0.5,239.48
8.85,0.5,239.43
8.85,0.5,239.38
8.85,0.5,239.33
8.85,0.5,239.28
8.85,0.5,239.23
8.85,0.5,239.06
8.85,0.5,238.51
8.85,0.5,237.46
8.85,0.5,235.91
8.85,0.5,233.86
8.85,0.5,231.31
8.85,0.5,228.26
8.85,0.5,224.71
8.95,0.5,241.18
8.95,0.5,241.13
8.95,0.5,241.08
8.95,0.5,241.03
8.95,0.5,240.98
8.95,0.5,240.93
8.95,0.5,240.88
8.95,0.5,240.83
8.95,0.5,240.78
8.95,0.5,240.73
8.95,0.5,240.68
8.95,0.5,240.63
8.95,0.5,240.58
8.95,0.5,240.53
8.95,0.5,240.48
8.95,0.5,240.43
8.95,0.5,240.38
8.95,0.5,240.33
8.95,0.5,240.28
8.95,0.5,240.23
8.95,0.5,240.18
8.95,0.5,240.13
8.95,0.5,240.08
8.95,0.5,240.03
8.95,0.5,239.98
8.95,0.5,239.93
8.95,0.5,239.88
8.95,0.5,239.83
8.95,0.5,239.78
8.95,0.5,239.73
8.95,0.5,239.68
8.95,0.5,239.63
8.95,0.5,239.58
8.95,0.5,239.53
8.95,0.5,239.48
8.95,0.5,239.43
9.05,0.5,241.18
9.05,0.5,241.13
9.05,0.5,241.08
9.05,0.5,241.03
9.05,0.5,240.98
9.05,0.5,240.93
9.05,0.5,240.88
9.05,0.5,240.83
9.05,0.5,240.78
9.05,0.5,240.73
9.05,0.5,240.68
9.05,0.5,240.63
9.05,0.5,240.58
9.05,0.5,240.53
9.05,0.5,240.48
9.05,0.5,240.43
9.05,0.5,240.38
9.05,0.5,240.33
9.05,0.5,240.28
9.05,0.5,240.23
9.05,0.5,240.18
9.05,0.5,240.13
9.05,0.5,240.08
9.05,0.5,240.03
9.05,0.5,239.98
9.05,0.5,239.93
9.05,0.5,239.88
9.05,0.5,239.83
9.05,0.5,239.78
9.05,0.5,239.73
9.05,0.5,239.68
9.05,0.5,239.63
9.05,0.5,239.58
9.05,0.5,239.53
9.05,0.5,239.48
9.05,0.5,239.43
8.95,0.5,239.38
8.95,0.5,239.33
8.95,0.5,239.28
8.95,0.5,239.23
8.95,0.5,239.06
8.95,0.5,238.51
8.95,0.5,237.46
8.95,0.5,235.91
8.95,0.5,233.86
8.95,0.5,231.31
8.95,0.5,228.26
8.95,0.5,224.71
9.05,0.5,239.38
9.05,0.5,239.33
9.05,0.5,239.28
9.05,0.5,239.23
9.05,0.5,239.06
9.05,0.5,238.51
9.05,0.5,237.46
9.05,0.5,235.91
9.05,0.5,233.86
9.05,0.5,231.31
9.05,0.5,228.26
9.05,0.5,224.71
9.15,0.5,241.19
9.15,0.5,241.14
9.15,0.5,241.09
9.15,0.5,241.04
9.15,0.5,240.99
9.15,0.5,240.94
9.15,0.5,240.89
9.15,0.5,240.84
9.15,0.5,240.79
9.15,0.5,240.74
9.15,0.5,240.69
9.15,0.5,240.64
9.15,0.5,240.59
9.15,0.5,240.54
9.15,0.5,240.49
9.15,0.5,240.44
9.15,0.5,240.39
9.15,0.5,240.34
9.15,0.5,240.29
9.15,0.5,240.24
9.15,0.5,240.19
9.15,0.5,240.14
9.15,0.5,240.09
9.15,0.5,240.04
9.15,0.5,239.99
9.15,0.5,239.94
9.15,0.5,239.89
9.15,0.5,239.84
9.15,0.5,239.79
9.15,0.5,239.74
9.15,0.5,239.69
9.15,0.5,239.64
9.15,0.5,239.59
9.15,0.5,239.54
9.15,0.5,239.49
9.15,0.5,239.44
9.25,0.5,241.19
9.25,0.5,241.14
9.25,0.5,241.09
9.25,0.5,241.04
9.25,0.5,240.99
9.25,0.5,240.94
9.25,0.5,240.89
9.25,0.5,240.84
9.25,0.5,240.79
9.25,0.5,240.74
9.25,0.5,240.69
9.25,0.5,240.64
9.25,0.5,240.59
9.25,0.5,240.54
9.25,0.5,240.49
9.25,0.5,240.44
9.25,0.5,240.39
9.25,0.5,240.34
9.25,0.5,240.29
9.25,0.5,240.24
9.25,0.5,240.19
9.25,0.5,240.14
9.25,0.5,240.09
9.25,0.5,240.04
9.25,0.5,239.99
9.25,0.5,239.94
9.25,0.5,239.89
9.25,0.5,239.84
9.25,0.5,239.79
9.25,0.5,239.74
9.25,0.5,239.69
9.25,0.5,239.64
9.25,0.5,239.59
9.25,0.5,239.54
9.25,0.5,239.49
9.25,0.5,239.44
9.15,0.5,239.39
9.15,0.5,239.34
9.15,0.5,239.29
9.15,0.5,239.24
9.15,0.5,239.06
9.15,0.5,238.51
9.15,0.5,237.46
9.15,0.5,235.91
9.15,0.5,233.86
9.15,0.5,231.31
9.15,0.5,228.26
9.15,0.5,224.71
9.25,0.5,239.39
9.25,0.5,239.34
9.25,0.5,239.29
9.25,0.5,239.24
9.25,0.5,239.06
9.25,0.5,238.51
9.25,0.5,237.46
9.25,0.5,235.91
9.25,0.5,233.86
9.25,0.5,231.31
9.25,0.5,228.26
9.25,0.5,224.71
